AS3,Massachusetts Institute of Technology
AS9,Carnegie Mellon University
AS32,Stanford University
AS160,The University of Chicago
AS174,"""Cogent Communications", LLC"
AS209,Lumen (ex. Qwest)
AS278,Universidad Nacional Autonoma de Mexico
AS553,BelWü
AS559,SWITCH
AS577,Bell Canada
AS680,Deutsches Forschungsnetz (DFN)
AS701,Verizon Business
AS719,Elisa Oyj
AS786,Jisc Services Limited
AS803,Saskatchewan Telecommunications
AS852,TELUS Communications Inc.
AS855,Bell Canada
AS1002,Bytefilter LLC
AS1101,SURF (Thunderlab)
AS1102,SURF B.V.
AS1103,SURF B.V.
AS1133,University of Twente
AS1136,KPN B.V.
AS1205,University Linz
AS1213,HEAnet CLG
AS1221,Telstra Limited
AS1241,Nova Telecommunications & Media Single Member S.A
AS1257,Tele2 Sverige AB
AS1267,WIND TRE S.P.A.
AS1299,Arelion (fka. Telia Carrier)
AS1403,EBOX
AS1653,Vetenskapsrådet / SUNET
AS1659,Taiwan Academic Network (TANet) Information Center
AS1680,Cellcom Fixed Line Communication L.P
AS1759,Telia Finland Oyj
AS1781,Korea Advanced Institute of Science and Technology
AS1835,Forskningsnettet - Danish NREN
AS1836,green.ch AG
AS2027,MilkyWan
AS2033,Panix
AS2108,Croatian Academic and Research Network
AS2116,GLOBALCONNECT AS
AS2119,Telenor Norge AS
AS2497,Internet Initiative Japan Inc.
AS2516,KDDI Corporation
AS2519,ARTERIA Networks Corporation
AS2603,NORDUnet
AS2611,BELNET
AS2614,Agentia de Administrare a Retelei Nationale de Inform...
AS2856,British Telecommunications
AS2860,"""NOS COMUNICACOES", S.A."
AS2900,Arizona Tri University Network
AS3061,ProvDotNet LLC
AS3164,Astimp IT Solution SRL
AS3170,VeloxServ Communications Ltd
AS3209,Vodafone GmbH
AS3214,xTom GmbH
AS3215,Orange S.A.
AS3223,Voxility LLP
AS3236,SERVER.UA LLC
AS3242,REEVO S.P.A.
AS3243,MEO
AS3249,Telia Eesti AS
AS3257,GTT Communications Inc.
AS3269,TIM S.p.A. (fka. Telecom Italia S.p.A.)
AS3292,TDC Holding A/S
AS3301,Telia Company AB
AS3303,Swisscom (Schweiz) AG
AS3320,Deutsche Telekom AG
AS3329,Vodafone Greece
AS3352,TELEFONICA DE ESPANA S.A.U.
AS3356,Lumen (Level 3)
AS3399,Obenet AB
AS3462,HiNet (Chunghwa Telecom)
AS3790,RADIOGRAFICA COSTARRICENSE
AS3842,"""InMotion Hosting", Inc."
AS3927,RGnet OU
AS4181,TDS TELECOM
AS4319,Cortland Electronics Corp.
AS4685,"""Asahi Net", Inc."
AS4713,NTT Communications Corporation (OCN)
AS4739,Internode Pty Ltd
AS4764,Aussie Broadband
AS4766,Korea Telecom
AS4804,Optus (Microplex PTY LTD)
AS4922,Shenandoah Cable Television LLC
AS5089,Virgin Media Limited
AS5378,Vodafone Limited
AS5390,Euronet Communications B.V.
AS5391,Hrvatski Telekom d.d.
AS5404,conova communications GmbH
AS5408,National Infrastructures for Research and Technology S.A.
AS5410,Bouygues Telecom SA
AS5432,Proximus NV
AS5466,Eircom Limited
AS5483,Magyar Telekom Plc.
AS5603,"""Telekom Slovenije", d.d."
AS5607,Sky UK
AS5617,Orange Polska Spolka Akcyjna
AS5645,"""TekSavvy Solutions", Inc."
AS5650,Frontier Communications
AS5769,Videotron Ltee
AS6079,RCN
AS6128,Cablevision Systems Corp.
AS6167,Verizon Business
AS6181,Cincinnati Bell Telephone Company LLC
AS6206,Netrouting B.V.
AS6315,"""XMission", L.C."
AS6327,Shaw Communications
AS6661,POST Luxembourg
AS6696,VERIXI SA
AS6698,Virtual Systems LLC
AS6718,NAV COMMUNICATIONS SRL
AS6724,Strato GmbH
AS6730,Sunrise GmbH
AS6739,"""VODAFONE ONO", S.A."
AS6799,Ote SA (Hellenic Telecommunications Organisation)
AS6805,Telefonica Germany (o2)
AS6810,"""""Bezeq""""- THE ISRAEL TELECOMMUNICATION CORP. LTD."
AS6821,Makedonski Telekom AD-Skopje
AS6830,Liberty Global Europe Holding B.V.
AS6848,Telenet BV
AS6855,"""Slovak Telekom", a.s."
AS6871,Plusnet plc
AS6939,Hurricane Electric LLC
AS7018,"""AT&T Enterprises", LLC"
AS7029,Windstream Communications LLC
AS7203,"""Leaseweb USA", Inc."
AS7303,Telecom Argentina S.A.
AS7377,"""University of California", San Diego"
AS7393,"""CYBERCON", INC."
AS7418,TELEFÓNICA CHILE S.A.
AS7459,"""Grande Communications Networks", LLC"
AS7489,HostUS
AS7506,"""GMO Internet Group", Inc."
AS7545,TPG Telecom Limited
AS7552,Viettel Group
AS7684,SAKURA Internet Inc.
AS7765,Koumbit
AS7922,"""Comcast Cable Communications", LLC"
AS7992,Cogeco Connexion Inc.
AS8075,Microsoft Corporation
AS8151,UNINET
AS8218,Zayo Europe
AS8254,GREEN FLOID LLC
AS8283,Netwerkvereniging Coloclue
AS8339,kabelplus GmbH
AS8400,Telekom Srbija a.d.
AS8412,T-Mobile Austria GmbH
AS8422,NetCologne
AS8434,Telenor Sverige AB
AS8437,Hutchison Drei Austria GmbH
AS8447,A1 Telekom Austria AG
AS8455,atom86 BV
AS8473,Bahnhof AB
AS8495,INTERNET AG Global Network
AS8560,IONOS SE
AS8632,Luxembourg Online S.A.
AS8708,DIGI ROMANIA S.A.
AS8758,Iway AG
AS8764,"""Telia Lietuva", AB"
AS8767,M-net Telekommunikations GmbH
AS8820,tal.de GmbH
AS8849,Melbikomas UAB
AS8866,Vivacom Bulgaria EAD
AS8873,Alexander Wagberg trading as Wberg Networks
AS8881,1&1 Versatel GmbH
AS8916,Portfast Ltd
AS8943,Jump Networks Ltd
AS8972,Host Europe GmbH
AS9008,Visual Online S.A.
AS9009,M247 Europe SRL
AS9031,EDPNET Belgium BV
AS9044,BSE Software GmbH
AS9050,Orange Romania S.A.
AS9063,VSE NET GmbH
AS9123,"JSC """"TIMEWEB"""""
AS9136,WOBCOM GmbH
AS9145,EWE TEL GmbH
AS9269,Hong Kong Broadband Network Ltd.
AS9286,KINX
AS9299,PLDT (Philippine Long Distance Telephone Company)
AS9316,DACOM-PUBNETPLUS
AS9318,SK Broadband Co Ltd
AS9370,SAKURA Internet Inc.
AS9471,ONATI
AS9534,Maxis
AS9617,"""JCOM Co.", Ltd."
AS9790,Two Degrees Networks Limited
AS10143,Exetel Pty Ltd
AS10242,US Internet Corp
AS10489,"""Armour Cloud", LLC"
AS10796,Charter Communications Inc
AS10929,eStruxture Data Centers Inc.
AS10961,Boston GigaPoP
AS10996,Concorde inc.
AS11062,MTCO Communications
AS11114,Wintek Corporation
AS11117,"""Nuyek", LLC"
AS11232,Midcontinent Communications
AS11272,C Spire Fiber
AS11351,Charter Communications Inc
AS11403,NYI
AS11404,Wave Broadband
AS11426,Charter Communications Inc
AS11427,Charter Communications Inc
AS11572,PhoenixNAP LLC
AS11796,"""Airstream Communications", LLC"
AS11847,GoNetSpeed
AS11878,"""tzulo", inc."
AS12083,WideOpenWest Finance LLC
AS12093,University of Waterloo
AS12161,"""dao Consulting", LLC"
AS12271,Charter Communications Inc
AS12312,ecotel communication ag
AS12322,Free SAS
AS12338,Euskaltel S.A.
AS12353,Vodafone Portugal - Communicacoes Pessoais S.A.
AS12355,HeLi NET Telekommunikation GmbH & Co.
AS12364,"""University of Macedonia", Economic and Social Sciences"
AS12479,Orange Espagne SA
AS12496,Infinity Developments Limited
AS12508,Rainside s.r.o.
AS12552,GlobalConnect (IP-Only)
AS12586,GHOSTnet GmbH
AS12605,LIWEST Kabelmedien GmbH
AS12709,Melita Limited
AS12731,IPHH Internet Port Hamburg GmbH
AS12735,TurkNet Iletisim Hizmetleri A.S.
AS12874,Fastweb SpA
AS12876,Scaleway
AS12912,T-Mobile Polska S.A.
AS12969,Ljósleiðarinn ehf (Sýn)
AS12989,Black HOST Ltd
AS13000,Leon Sp. z o.o.
AS13022,Streams Telecommunicationsservices GmbH
AS13030,Init7 (Switzerland) Ltd.
AS13036,T-Mobile Czech Republic a.s.
AS13037,Zen Internet Ltd
AS13045,htp GmbH
AS13110,INEA sp. z o.o.
AS13113,ISI Line srl
AS13127,Odido Netherlands B.V.
AS13213,UK-2 Limited
AS13237,euNetworks GmbH
AS13285,TalkTalk Communications Limited
AS13428,"""Surf Air Wireless", LLC"
AS13692,Douglas FastNet
AS13693,Vexus Fiber
AS13868,Peak Internet
AS13977,Fidium
AS14007,Skyway West
AS14061,DigitalOcean LLC
AS14237,Beamspeed LLC
AS14618,"""Amazon.com", Inc."
AS14670,WHG Hosting Services Ltd
AS14868,Ligga Telecomunicações S.A.
AS14956,RouterHosting LLC
AS15435,DELTA Fiber Nederland B.V.
AS15502,Vodafone Ireland Limited
AS15547,netplus.ch SA
AS15600,Quickline AG
AS15614,Dragon Internet a.s.
AS15626,GREEN FLOID LLC
AS15704,XTRA TELECOM S.A.
AS15943,wilhelm.tel GmbH
AS15962,Orange Slovensko a.s.
AS16019,Vodafone Czech Republic a.s.
AS16075,TAZ Verlags- und Vertriebsgesellschaft mit beschraenk...
AS16086,DNA Oyj
AS16097,HL komm Telekommunikations GmbH
AS16125,UAB Cherry Servers
AS16276,OVH SAS
AS16302,Suomi Communications Oy
AS16509,"""Amazon.com", Inc."
AS16591,Google Fiber Inc.
AS16652,Riseup Networks
AS16904,Arvig Enterprises Inc.
AS17055,University of Utah
AS17290,"""Austin Hadley", Sole Proprietorship"
AS17356,"""Vermont Telephone Company", Inc."
AS17506,ARTERIA Networks Corporation
AS17511,OPTAGE Inc.
AS17551,Swoop (Anycast Global Backbone)
AS17552,True Online
AS17676,SoftBank Corp.
AS17931,"""Netforest",Inc."
AS18106,Viewqwest Pte Ltd
AS18390,Spintel Pty Ltd
AS18460,Fort Hays State University
AS18526,"""DDPS Networks", LLC"
AS18624,Greenlight
AS19008,"""Perry-Spencer Communications", Inc."
AS19045,"""Direct Communications Cedar Valley", LLC"
AS19148,"""Leaseweb USA", Inc."
AS19165,Webpass Inc.
AS19318,"""Interserver", Inc"
AS19437,SECURED SERVERS LLC
AS19504,"""WTC Communications", Inc."
AS19901,Brightspeed
AS19994,Rackspace Hosting
AS20001,Charter Communications Inc
AS20055,Ziply Fiber
AS20115,Charter Communications LLC
AS20454,SECURED SERVERS LLC
AS20473,"""The Constant Company", LLC"
AS20676,Plusnet GmbH
AS20712,Andrews & Arnold Ltd
AS20766,"Association """"Gitoyen"""""
AS20845,DIGI Tavkozlesi es Szolgaltato Kft.
AS20853,eTOP sp. z o.o.
AS20860,IOMART CLOUD SERVICES LIMITED
AS20904,Cinia Oy (fka. Netplaza)
AS21100,GREEN FLOID LLC
AS21211,"""Penkiu kontinentu komunikaciju centras", Ltd."
AS21334,One Hungary Ltd.
AS21409,Ikoula Net SAS
AS21473,PFALZKOM GmbH
AS21499,Host Europe GmbH
AS21859,Zenlayer Inc
AS22295,Advin Services LLC
AS22296,Vorsk LLC
AS22555,"""Smart Networks",LLC"
AS22612,"""Namecheap", Inc."
AS22773,Cox Communications Inc.
AS23033,Wowrack.com
AS23310,TASTY LIME
AS23470,ReliableSite.Net LLC
AS23473,PAVLOV MEDIA INC
AS23507,AV SERVICES LLC
AS23655,2degrees Networks Limited
AS24164,UNION BROADBAND NETWORK
AS24282,KAGOYA JAPAN Inc.
AS24482,SG.GS
AS24768,"""AlmourolTec", Lda"
AS24800,BornFiber Service Provider ApS
AS24875,NovoServe B.V.
AS24940,Hetzner Online GmbH
AS24953,NETPLANET GmbH
AS24961,WIIT AG (fka. myLoc Managed IT AG)
AS24971,MasterDC s.r.o.
AS25198,INTERKVM HOST (ZetServers)
AS25274,Naracom Kft.
AS25353,BAR Informatik AG
AS25400,Telia Norge AS
AS25512,CD-Telematika a.s.
AS25697,UpCloud USA Inc
AS25795,"""ARP NETWORKS", INC."
AS25820,IT7 Networks Inc
AS25853,Ellijay Telephone Company
AS26042,"""FiberState", LLC"
AS26068,"""OnShore", Inc."
AS26277,ServerPoint.com
AS26286,MysticDev LLC
AS26347,"""New Dream Network", LLC"
AS26383,Baxet Group Inc.
AS26666,"""Interserver", Inc"
AS26801,"""Zito Media", L.P."
AS26832,Rica Web Services
AS27176,DataWagon LLC
AS27284,Fourplex Telecom LLC
AS27364,Armstrong
AS27411,"""Leaseweb USA", Inc."
AS27631,PANGAEA
AS27651,ENTEL CHILE S.A.
AS27715,Locaweb Serviços de Internet S/A
AS27823,Dattatec.com
AS28573,Claro NXT Telecomunicacoes Ltda
AS28640,VIPWay Telecomunicações Ltda
AS28753,Leaseweb Deutschland GmbH
AS28855,Octopuce s.a.r.l.
AS29066,velia.net Internetdienste GmbH
AS29075,IELO-LIAZO SERVICES SAS
AS29134,"""Webglobe", s.r.o."
AS29169,GANDI SAS
AS29222,Infomaniak Network SA
AS29259,IABG Teleport GmbH
AS29314,VECTRA S.A.
AS29447,Iliad Italia S.p.A
AS29485,A1 Hrvatska d.o.o.
AS29518,Bredband2 AB
AS29551,Aixit GmbH
AS29580,A1 Bulgaria EAD
AS29691,Nine Internet Solutions AG
AS29695,Lyse Tele AS
AS29802,"""HIVELOCITY", Inc."
AS30036,Mediacom Communications Corp
AS30041,"""Race Tech", LLC"
AS30058,FDCservers.net
AS30083,velia.net
AS30600,Metronet
AS30633,LeaseWeb USA / WDC-01
AS30722,Vodafone Italia S.p.A.
AS30766,GGEW net GmbH
AS30823,aurologic GmbH
AS30836,23VNet Kft.
AS30860,Virtual Systems LLC
AS30893,No ACK Group Holding AB
AS30983,Moroccan Academic & Research WAN
AS31034,Aruba S.p.A.
AS31042,Serbia BroadBand-Srpske Kablovske mreze d.o.o.
AS31103,Keyweb AG
AS31371,Wissenschaftsladen Dortmund e.V.
AS31469,Virtual Systems LLC
AS31863,"""Centrilogic", Inc."
AS31898,Oracle Cloud
AS32097,"""WholeSale Internet", Inc."
AS32133,Ting Fiber Inc.
AS32181,GigeNET
AS32244,"""Liquid Web", L.L.C"
AS32338,Hostiserver Ltd
AS33083,AxcelX Technologies LLC
AS33255,Hampden-Sydney College
AS33363,"""Charter Communications", Inc"
AS33387,"""Nocix", LLC"
AS33566,Knoxville Utilities Board
AS33588,Charter Communications LLC
AS33705,Digital Shape Technologies Inc.
AS33796,BOLIGNET-AARHUS F.M.B.A.
AS33837,Fredrik Holmqvist
AS33885,Telenor Sverige AB
AS33911,HZONE SRL
AS33915,Vodafone Libertel B.V.
AS33943,Eri Internet s.r.o.
AS33984,Surfplanet GmbH
AS33993,UFO Hosting LLC
AS34001,SIA LIVAS NET
AS34087,NTE TELEKOM AS
AS34224,Neterra Ltd.
AS34244,Teleservice Bredband Skane AB
AS34259,"TOV """"Highload Systems"""""
AS34288,Kantonsschule Zug
AS34689,Castlegem SRL
AS34694,Stadtwerke Woergl GmbH
AS34700,"""Maxnet Telecom", LTD"
AS34702,Aktsiaselts WaveCom
AS34779,"""T-2", d.o.o."
AS34878,Karlsruhe Institute of Technology
AS34911,ELDATA prazska s.r.o.
AS34927,iFog GmbH
AS35100,Patrik Lagerman
AS35179,Korbank S. A.
AS35366,ISPpro Internet KG
AS35369,LINZ STROM GAS WAERME GmbH fuer Energiedienstleistung...
AS35425,IOMART MANAGED SERVICES LIMITED
AS35426,NXT Initiative SAS
AS35434,PirxNet Grzegorz Bialas
AS35470,Signet B.V.
AS35592,Coolhousing s.r.o.
AS35661,VIRTUA SYSTEMS SAS
AS35680,Volia-Cable LLC
AS35699,Adamo Telecom Iberia S.A.
AS35758,Rachamim Aviel Twito
AS35916,MULTACOM CORPORATION
AS36007,"""Kamatera", Inc."
AS36149,"""Hawaiian Telcom Services Company", Inc."
AS36352,HostPapa
AS36375,University of Michigan
AS36849,1st Amendment Encrypted Openness LLC
AS36850,University of North Carolina at Chapel Hill
AS37680,Cool Ideas Service Provider (Pty) Ltd
AS38074,SDCC Japan-West Area
AS38195,Superloop
AS38700,SMILESERV
AS39007,"UAB """"Balticum TV"""""
AS39020,Comvive Servidores S.L.
AS39287,ab stract ltd
AS39375,Telekomunikacja Podlasie Sp. z o.o.
AS39378,servinga GmbH
AS39392,SH.cz s.r.o.
AS39405,Eurofiber France SAS
AS39409,Sebastian-Wilhelm Graf
AS39421,Sapinet SAS
AS39484,Pirkan Opiskelija-asunnot Oy
AS39519,WIIT AG
AS39622,ZERGRUSH SRL
AS39642,Norlys Digital A/S
AS39699,Lounea Palvelut Oy
AS39788,Chaos Computer Club e.V.
AS39798,MivoCloud SRL
AS39819,Optima Telecom Ltd.
AS39900,SIA GOOD
AS39912,oja.at GmbH
AS40021,"""Contabo (Nubes", LLC)"
AS40156,The Optimal Link Corporation
AS40244,Turnkey Internet Inc.
AS40662,Layer7 Technologies Inc
AS40663,IncogNet LLC
AS40676,Psychz Networks
AS40924,Harley Security Solutions LLC
AS40994,Alwyzon (Hohl IT)
AS41047,Bart Vrancken
AS41075,ATW Internet Kft.
AS41108,comtrance service GmbH
AS41281,KeFF Networks Ltd
AS41564,Orion Network Limited
AS41608,"""NextGenWebs", S.L."
AS41634,Svea Hosting AB
AS41652,SHPV FRANCE SAS
AS41653,Aqua Ray SAS
AS41745,Baykov Ilya Sergeevich
AS42159,Zemlyaniy Dmitro Leonidovich
AS42237,w1n ltd
AS42473,Anexia Cloud Solutions GmbH
AS42532,SIA VEESP
AS42541,Fiberby ApS
AS42652,inexio Informationstechnologie und Telekommunikation Gmbh
AS42675,Obehosting AB
AS42689,Glide Student & Residential Limited
AS42708,Glesys AB
AS42730,EVANZO e-commerce GmbH
AS42831,UK Dedicated Servers Limited
AS42927,S-NET Sp. z o.o.
AS43067,"PE """"Pretcher"""""
AS43139,Maximum-Net LLC
AS43150,MK Netzdienste Verwaltungs GmbH trading as MK Netzdie...
AS43180,Trunk Networks LTD
AS43289,Trabia SRL
AS43317,SIA VEESP
AS43341,MDlink online service center GmbH
AS43350,NForce Entertainment B.V.
AS43376,DOTRO TELECOM SRL
AS43513,Sia Nano IT
AS43541,VSHosting s.r.o.
AS43619,Association pour l'union des reseaux des residences e...
AS43641,SOLLUTIUM EU Sp z.o.o.
AS43653,"""PEGO Slovakia", s.r.o."
AS43700,UAB Consilium Optimum
AS43902,SysEleven GmbH
AS43927,HOSTERION SRL
AS44133,IPAX GmbH
AS44176,VNext AB
AS44382,"""Fiba Cloud Operation Company", LLC"
AS44486,"Oliver Horscht is trading as """"SYNLINQ"""""
AS44489,"""STARNET", s.r.o."
AS44592,SkyLink Data Center BV
AS44679,INVITE Systems SRL
AS44684,Mythic Beasts Ltd
AS44709,O.M.C. COMPUTERS & COMMUNICATIONS LTD
AS44716,D-hosting die Rackspace & Connectivity GmbH
AS44851,Retel JSC
AS44869,FIBIA P/S
AS44901,Belcloud LTD
AS44925,1984 ehf
AS45007,VIPNET PRIM Ltd
AS45012,dogado GmbH
AS45037,Propelin Consulting S.L.U.
AS45045,FOP Kazakov Oleksandr Oleksandrovich
AS45102,"""Alibaba (US) Technology Co.", Ltd."
AS45382,Hostcenter
AS45570,Network Presence
AS45731,PT Ardh Global Indonesia
AS45758,Triple T Broadband Public Company Limited
AS45839,Shinjiru Technology Sdn Bhd
AS45899,VNPT Corp
AS46015,Exa Bytes Network Sdn.Bhd.
AS46375,Sonic Telecom LLC
AS46475,"""Limestone Networks", Inc."
AS46632,Southwest Arkansas Telephone Cooperative
AS46690,Frontier Communications
AS46841,"""Fork Networking", LLC"
AS46844,Sharktech
AS46887,Crown Castle Fiber LLC
AS46979,Madison County Telephone Company
AS47066,"""prgmr.com", Inc."
AS47172,Greenhost BV
AS47325,VPS4You Kft.
AS47447,23M GmbH
AS47536,PathConnect GmbH
AS47583,Hostinger International Limited
AS47610,RWTH Aachen University
AS47688,Localitel bvba
AS47692,Nessus GmbH
AS47890,UNMANAGED LTD
AS47987,Zemlyaniy Dmitro Leonidovich
AS48014,Albanian Hosting SH.P.K.
AS48031,Ivanov Vitaliy Sergeevich
AS48090,TECHOFF SRV LIMITED
AS48101,Trooli Ltd.
AS48239,Scientific-Production Enterprise Information Technolo...
AS48314,IP-Projects GmbH & Co. KG
AS48574,T-Mobile Czech Republic a.s.
AS48635,CLDIN B.V.
AS48753,AVA HOST SRL
AS48900,Info Data Center Ltd.
AS48926,Pe3ny Net s.r.o.
AS48927,ESEVEN DevOps GmbH
AS49367,Seflow s.r.l.
AS49392,LLC Baxet
AS49436,Stadtwerke Soest GmbH
AS49447,Nice IT Services Group Inc.
AS49453,Global Layer B.V.
AS49544,i3D.net B.V
AS49581,Ferdinand Zink trading as Tube-Hosting
AS49601,UNITEL-MEDIA Sp. z o.o.
AS49683,MASSIVEGRID LTD
AS49770,Internetport Sweden AB
AS49826,Lounea (ex. Forssan Seudun Puhelin)
AS49855,PLUTEX GmbH
AS49981,WorldStream B.V.
AS50053,Anton Levin
AS50066,Serious Tubes Networks
AS50266,Odido Netherlands B.V.
AS50304,Blix Solutions AS
AS50340,Selectel - Moscow
AS50360,Tamatiya EOOD
AS50436,Tele Columbus AG
AS50606,Horyzont Technologie Internetowe sp.z.o.o.
AS50613,Advania Ísland ehf (ThorDC)
AS50629,LWLcom GmbH
AS50673,Serverius Holding B.V.
AS50811,NEW YORK UNIVERSITY ABU DHABI - ABU DHABI Foreign Bra...
AS50821,Bredband2 Stockholms Stadsnaet AB
AS50840,Marek Bajerski trading as HITME.PL
AS50979,GREEN FLOID LLC
AS51167,Contabo GmbH
AS51175,Multiplay Sp. z o.o.
AS51202,NUXOA GmbH
AS51290,BARTOSZ WASZAK trading as HOSTEAM S.C. TOMASZ GROSZEW...
AS51395,Datasource AG
AS51396,Pfcloud UG
AS51659,LLC Baxet
AS51765,Oy Crea Nova Hosting Solution Ltd
AS51852,Private Layer INC
AS52048,SIA RixHost
AS52092,"""Alf servis", s.r.o."
AS52173,Sia Nano IT
AS52284,Panamaserver.com
AS52423,Data Miners S.A. ( Racknation.cr )
AS52545,BJ NET Provedor de Internet Ltda. - ME
AS53006,ALGAR TELECOM S/A
AS53340,FiberHub (VegasNAP)
AS53486,Niagara Regional Broadband Networks Limited
AS53667,FranTech Solutions
AS53850,"""GorillaServers", Inc."
AS53914,"""Genesis Hosting Solutions", LLC"
AS54098,LIONLINK NETWORKS
AS54290,Hostwinds LLC.
AS54641,"""InMotion Hosting", Inc."
AS54965,Polytechnic Institute of NYU
AS55286,B2 Net Solutions Inc.
AS55293,"""A2 Hosting", Inc."
AS55592,"""Korea Data Telecommunication Co.", Ltd."
AS55720,Gigabit Hosting Sdn Bhd
AS56030,Voyager Internet Ltd.
AS56153,Digital Storage Company Limited
AS56322,ServerAstra Kft.
AS56380,''IT FRUIT'' S.R.L.
AS56478,Hyperoptic Ltd
AS56611,REBA Communications BV
AS56630,Melbikomas UAB
AS56655,Gigahost AS
AS56665,Proximus Luxembourg S.A.
AS56803,Datasource AG
AS56971,CGI GLOBAL LIMITED
AS57043,HOSTKEY B.V.
AS57169,EDIS GmbH
AS57269,DIGI SPAIN TELECOM S.L.
AS57403,HFM S.R.L
AS57494,Adman LLC
AS57608,DG-NET SA
AS57717,FiberXpress BV
AS57811,Redge Technologies sp. z o.o.
AS57860,Zencurity ApS
AS58010,uvensys GmbH
AS58044,free-zona s.r.o.
AS58061,Scalaxy B.V.
AS58087,Florian Kolb
AS58212,dataforest GmbH
AS58294,Cloud Wall Ltd.
AS58299,Openfactory GmbH
AS58791,"""GMO Internet Group", Inc."
AS58915,Arktisma Pty Ltd
AS59253,Leaseweb Singapore Pte. Ltd.
AS59432,GINERNET S.L.
AS59444,Andrzej Szreter AMSNET
AS59491,Livenet Sp. z o.o.
AS59702,Junet AB
AS59711,HZ Hosting Ltd
AS59720,Bofiber AS
AS59729,GREEN FLOID LLC
AS59741,Marco Sandro Naef
AS59891,FSIT AG
AS60016,Fiberstream 87 AG
AS60068,Datacamp Limited (CDN77 / DataPacket)
AS60117,Host Sailor Ltd
AS60131,High5! B.V.
AS60191,Nowatel Sp. z o.o.
AS60352,S E L C O M SHPK
AS60404,The Infrastructure Group B.V.
AS60656,BOL BG IZTOK LTD
AS60729,Stiftung Erneuerbare Freiheit
AS60781,LeaseWeb Netherlands B.V.
AS60800,Netwise Hosting Ltd
AS60900,Adrian Trifonov trading as Ssmidge Technologies
AS61098,Exoscale (Akenes SA)
AS61106,PS Cloud Services LLC
AS61112,AKILE LTD
AS61125,SABOTAGE LLC
AS61138,Zappie Host LLC
AS61157,PlusServer GmbH
AS61174,Glattwerk AG
AS61272,"""Informacines sistemos ir technologijos", UAB"
AS61323,ANS ACADEMY LIMITED
AS61335,PE Denis Podolskii
AS61424,eServer s.r.o.
AS61493,InterBS S.R.L. (BAEHOST)
AS62000,SERVERD SAS
AS62005,BlueVPS OÜ
AS62068,SpectraIP B.V.
AS62214,Rackforest Zrt.
AS62217,Vinters IT Ltd
AS62240,Clouvider Limited
AS62248,MODIRUM MDPAY OU
AS62336,PURtel.com GmbH
AS62370,Snel.com B.V.
AS62563,GLOBALTELEHOST Corp.
AS62564,"""LINVEO", LLC"
AS62744,Quintex Alliance Consulting
AS63018,Dedicated.com
AS63023,GTHost
AS63025,NOHAVPS LLC
AS63473,"""HostHatch", LLC"
AS63770,Industrial Cyber Security Center of Excellence
AS63806,Human-life Information Platforms Institute
AS63859,PT Eka Mas Republik
AS63930,Ready Server Pte. Ltd.
AS63949,Akamai (Linode)
AS64073,Vetta Online Ltd
AS64289,Macarne.com
AS64457,Matteo Fruhwald trading as PipeHost e.U.
AS131965,Xserver Inc.
AS131970,Hikarinet Inc.
AS132203,Tencent
AS133159,Mammoth Media Pty Ltd
AS133206,DGTEK PTY LTD
AS133210,EN Technologies Pte Ltd
AS133398,Tele Asia Limited
AS134090,Leaptel
AS134351,Leaseweb Japan K.K.
AS134677,Dromatics Systems Pte Ltd
AS134835,Starry Network Limited
AS135377,UCLOUD INFORMATION TECHNOLOGY (HK) LIMITED
AS135411,Red Grapes Pte Ltd
AS136052,PT Cloud Hosting Indonesia
AS136258,"""BrainStorm Network", Inc"
AS137643,MANAGE SERVER
AS138115,PT Deneva
AS138915,Kaopu Cloud HK Limited
AS138997,Eons Data Communications Limited
AS141995,Contabo Asia Private Limited
AS142036,Hosteons Pte. Ltd.
AS142594,SpeedyPage Ltd
AS147181,Flarezen Ltd.
AS149440,Evoxt Enterprise
AS151873,TOTHOST SOLUTIONS AND TECHNOLOGIES COMPANY LIMITED
AS152992,ONLINE DATA COMPANY LIMITED
AS153003,Digital Shield Technology Company Limited
AS197019,"""WEDOS Internet", a.s."
AS197071,active 1 GmbH
AS197226,"""""SPRINT"""" S.A."
AS197227,"Poznanska Spoldzielnia Mieszkaniowa """"Winogrady"""" w Poznaniu"
AS197422,Tetaneutral.net Association declaree
AS197448,NT Group Systemy Informatyczne Sp. z o.o.
AS197451,Brno University of Technology
AS197524,Leonet GmbH
AS197540,netcup GmbH
AS197566,Livady s.r.o.
AS197648,CLOUDLAYER8 LIMITED
AS197706,Keminet SHPK
AS197922,Techcrea Solutions SAS
AS198093,Foreningen for digitala fri- och rattigheter
AS198161,"""Sokolovska uhelna", pravni nastupce, a.s."
AS198620,Bralu Jurjanu biedriba
AS198726,Wemaconnect GmbH
AS198859,Osuuskunta Keskikaista
AS198930,Vereinigte Stadtwerke Media GmbH
AS198967,BITel Gesellschaft fuer Telekommunikation mbH
AS198985,AQUILENET
AS199058,SERVA ONE LTD
AS199087,KaseNet Oy
AS199118,Heinlein-Support GmbH
AS199173,TechnoLux Ltd.
AS199246,ENARTIA Single Member S.A.
AS199524,Gcore S.A.
AS199654,Oxide Group Limited
AS199785,"""Cloud Hosting Solutions", Limited."
AS199829,Akronic Network LTDA
AS199891,RONI FIRMA HANDLOWO-USLUGOWA Edmund Rusinek
AS199950,HJELM ENTERPRISES AB
AS200019,ALEXHOST SRL
AS200052,Feral.io Ltd
AS200195,"""Verasel", Inc."
AS200223,Lars Jannick Volkers trading as Etheron Hosting
AS200233,Berner Fachhochschule
AS200303,LUMASERV
AS200462,"Lennart Seitz trading as """"ETH-Services"""""
AS200490,Felix Annen
AS200533,Civil association Init Lab
AS200651,FlokiNET ehf
AS200698,Globalhost d.o.o.
AS200713,Zettaplan AG
AS200736,MEDIANET INVEST AE
AS200950,Lyratris Limited
AS201112,Andrzej Erenc trading as awHost
AS201308,Castlegem SRL
AS201409,HOSTSHIELD LTD
AS201670,S.C. INFOTECH-GRUP S.R.L.
AS201814,MEVSPACE sp. z o.o.
AS201838,Community Fibre Limited
AS202053,UpCloud Ltd
AS202246,Valoo Oy
AS202282,FIBRUS NETWORKS LTD
AS202302,NETH LLC
AS202306,HOSTGLOBAL.PLUS LTD
AS202329,Verein zur Foerderung freier Netze Region Mittlerer O...
AS202422,G-Core Labs S.A.
AS202425,IP Volume inc
AS202448,MVPS LTD
AS202520,SkyPass Solutions Sp. z.o.o.
AS202585,Nick Bouwhuis
AS202613,Aruba S.p.A.
AS202616,Wien Energie GmbH
AS202618,"""Rychly drat", s.r.o."
AS202759,RJ Network OU
AS203003,Magna Capax Finland Oy
AS203020,HostRoyale Technologies Pvt Ltd
AS203363,Kuroit Limited
AS203380,DA International Group Ltd.
AS203424,TUSSA IKT AS
AS203446,SMARTNET LIMITED
AS203476,GANDI SAS
AS203577,Fumon Shimadate
AS203953,Hiper A/S
AS204044,PACKET STAR NETWORKS LIMITED
AS204601,Zomro B.V.
AS204615,IP Fiber Inc
AS204641,HOSTGW SRL
AS204911,Digitale Partizipation e.V.
AS204957,GREEN FLOID LLC
AS205007,Maxim Azarov trading as eServer
AS205090,FIRST SERVER LIMITED
AS205100,F3 Netze e.V.
AS205235,Labitat
AS205388,Marcel Andrew Zaiser trading as Metaliance ISP Systems e.k
AS205449,DevNet Oy
AS205714,Telemach Hrvatska d.o.o.
AS206075,Hollander & Jacobsen UG (haftungsbeschraenkt)
AS206125,Nicklas Yli-Länttä
AS206236,default gateway UG (haftungsbeschraenkt)
AS206238,Freedom Internet BV
AS206264,Amarutu Technology Ltd
AS206774,Internetnord AB
AS206804,EstNOC OU
AS206996,ZAP-Hosting GmbH
AS207003,Web1 Oy
AS207083,HostSlim B.V.
AS207143,hosttech GmbH
AS207252,Felix Gassan
AS207459,TEKNOSOS BILISIM HIZMETLERI VE TIC. LTD. STI.
AS207483,Netvia Bilisim Yazilim Dan. Tic. Ltd. Sti.
AS207503,neu-medianet GmbH
AS207713,GLOBAL INTERNET SOLUTIONS LLC
AS207799,BOTANY SRL
AS207916,Velocity1 Limited
AS207957,SERV.HOST GROUP LTD
AS207992,FEELB SARL
AS208101,Michael Kloos
AS208191,Go Host Ltd
AS208208,Marco Lingl trading as Cyberse GmbH & Co. KG
AS208226,OUIHEBERG SARL
AS208323,Foundation for Applied Privacy
AS208723,VDX SYSTEMS LTD
AS209101,IP Vendetta Inc.
AS209274,Kraken Network ISP LTD
AS209281,"""Generacion Tecnologica De Comunicaciones", Sociedad Li..."
AS209341,WHG Hosting Services Ltd
AS209605,UAB Host Baltic
AS209630,LLC VASH KREDIT BANK
AS209641,I-SERVERS LTD
AS209696,NILSAT Ltd.
AS209825,Katanytsia Lyubov Viktorivna
AS209847,WorkTitans B.V.
AS210079,EuroByte LLC
AS210083,Privex Inc.
AS210100,Adam Chodkowski
AS210152,Jon Arve Vanvik
AS210226,Windcloud 4.0 GmbH
AS210403,Groupe LWS SARL
AS210457,Kyonix Networks Limited
AS210464,ANDREW KRISTULI
AS210558,1337 Services GmbH
AS210644,Aéza International Limited
AS210731,Forening for DotSrc
AS210874,Box Broadband Limited
AS210893,Layered Technologies Limited
AS210976,"""Timeweb", LLP"
AS211301,Collin Schneeweiss trading as Unesty Company
AS211462,Andrei Tiberiu Holt
AS211507,Julian Achter
AS211619,MAXKO d.o.o.
AS211673,Mynymbox LLC
AS211720,"""Datashield", Inc."
AS211742,Intraserv Kamil Schild
AS211882,AQUILENET
AS212057,Pascal Stattmann trading as Nodescrape
AS212238,Datacamp Limited
AS212271,Cinzia Tocci trading as Lumanex Srl
AS212317,Hetzner Cloud - Hillsboro
AS212441,Cloud assets LLC
AS212477,RoyaleHosting B.V.
AS212508,Lowhosting services of Davide Gennari
AS212531,"UAB """"Interneto vizija"""""
AS212655,YouFibre Limited
AS212895,Johannes Ernst
AS212913,FOP Hornostay Mykhaylo Ivanovych
AS213230,Hetzner Cloud - Ashburn
AS213250,Dominic Scholz trading as ITP-Solutions GmbH & Co. KG
AS213281,Greenfiber Internet & Dienste GmbH
AS213354,INTERNATIONAL HOSTING SOLUTIONS LLP
AS213373,IP Connect Inc
AS213426,Danny Lotz
AS213438,ColocaTel Inc.
AS213468,HD-decor Oy
AS213488,Mustafa Gunes trading as Inoxweb Datacenter ve Hostin...
AS213873,MOJI SAS
AS213887,WAIcore Ltd
AS213900,RS Computers L.L.C
AS213934,IPV1 SIA
AS213959,Florian Overkamp
AS214036,"""Ultahost", Inc."
AS214094,Davide Silvetti trading as 'Association Osservatorio ...
AS214196,Vladylsav Naumets
AS214209,Internet Magnate (Pty) Ltd
AS214279,DASABO OU
AS214354,SiteHUB Agency Ltd
AS214366,Moustafa Mohamed Mohamed Ahmed Elghoubashi
AS214379,South Park Networks LLC
AS214481,Wojciech Czapkowicz
AS214503,QuxLabs AB
AS214640,Hostup AB
AS214668,AxusHost B.V.
AS214677,Matteo Martelloni trading as DELUXHOST
AS214719,LLC DZHIBIEN HOST
AS214790,Brainoza OU
AS214902,Philip Fjaera trading as PFWeb Solutions
AS214961,Stellar Group SAS
AS214967,"""Optibounce", LLC"
AS214973,Apex Strata Ltd
AS215120,Evolus IT Solutions GmbH
AS215125,Church of Cyberology
AS215248,Bastiaan Mathijs Brink
AS215288,Michele Branchini
AS215296,Raoul Brouns
AS215381,ROCKHOSTER PRIVATE LIMITED
AS215467,Skhron OU
AS215523,Yayzi Broadband Limited
AS215540,GLOBAL CONNECTIVITY SOLUTIONS LLP
AS215659,Aokigahara SRL
AS215703,ALEXANDRU VLAD trading as FREAKHOSTING
AS215730,H2NEXUS LTD
AS215733,Blacknight Internet Solutions Limited
AS215762,Bullet Group LTD
AS215859,Hetzner Cloud - Singapore
AS215904,HostingBazis Beteti Tarsasag
AS215925,VPSVAULT.HOST LTD
AS216063,24fire GmbH
AS216071,SERVERS TECH FZCO
AS216093,Root Localhost LLC
AS216107,Noah van der Aa trading as Frumentum Media
AS216127,INTERNATIONAL HOSTING COMPANY LIMITED
AS216309,InvisionTech Group S.r.l.
AS262287,Latitude.sh LTDA
AS262391,ACESSOLINE TELECOMUNICAÇÕES LTDA
AS263608,WSNET TELECOM LTDA ME
AS263812,SONDATECH S.A.S.
AS264617,GRUPO PANAGLOBAL 15 S.A
AS264811,AIR LINK COMMUNICATIONS
AS270013,J AND J SPA (INFOFRACTAL)
AS272996,Sincere Networks B.V.
AS328170,DataKeepers (Pty) Ltd
AS328364,Host Africa (Pty) Ltd
AS329007,ELENDE - TECNOLOGIAS DE INFORMACAO - COMERCIO E SERVI...
AS329184,Host Africa (Pty) Ltd
AS329325,Maxko for Gaming Development
AS393238,"""ImOn Communications", LLC"
AS393336,Catalyst Host LLC
AS393408,University of Portland
AS393552,Longmont Power & Communications
AS393577,Tritan Development
AS393746,Amazing Creations and More LLC
AS393886,"""Leaseweb USA", Inc."
AS394056,BIF IV
AS394380,"""Leaseweb USA", Inc."
AS395510,"""Hub66", Inc"
AS395570,Beanfield Technologies Inc.
AS395662,"""OzarksGo", LLC"
AS395853,NYC Mesh Inc.
AS396362,"""Leaseweb USA", Inc."
AS396507,Emerald Onion
AS396527,Massachusetts Institute of Technology
AS396982,Google Cloud Platform
AS397122,"""Chequamegon Communications Cooperative", Inc."
AS397162,Sumofiber
AS398101,"""GoDaddy.com", LLC"
AS398242,Prentiss County Electric Power Association
AS398493,System In Place
AS398721,OXIO
AS399122,VPS House Technology Group LLC
AS399275,Solid Systems LLC
AS399334,Skysilk
AS399486,Virtuo
AS399493,Petit Jean Fiber
AS399629,BL Networks
AS399646,Snaju Development
AS399804,Hostodo
AS399820,Atomic Networks LLC
AS400175,"""Microtronix ESolutions", LLC"
AS400226,StormyCloud Inc
AS400304,Redoubt Networks (Crunchbits)
AS400475,"""Nuclearfallout Enterprises", Inc."
AS400587,"""Ryamer", LLC"
AS400596,Technologies Elixior
AS400771,Codehof LLC
AS400810,BreezeHost
AS400848,DHI TECHNICAL SERVICES LLC
AS400897,PETROSKY CLOUD LLC
AS401401,Unredacted Inc
AS401486,RAVNIX LLC
AS401604,Colocataires Inc.
AS401652,"""FOREVER BUCKET", INC."
AS401736,Project Daylily
AS401833,AXNET LLC