AS8,Rice University
AS9,Carnegie Mellon University
AS12,New York University
AS16,Lawrence Berkeley National Laboratory
AS17,Purdue University
AS20,University of Rochester
AS26,Cornell University
AS32,Stanford University
AS34,University of Delaware
AS46,"""Rutgers", The State University"
AS59,University of Wisconsin Madison
AS73,University of Washington
AS82,Attachmate Corp.
AS87,Indiana University
AS88,Princeton University
AS102,U.S. National Science Foundation
AS103,Northwestern University
AS109,"""CISCO SYSTEMS", INC."
AS111,Boston University
AS137,Consortium GARR
AS156,Northeastern University
AS161,Texas Instruments Incorporated
AS174,"""Cogent Communications", LLC"
AS194,University Corporation for Atmospheric Research
AS209,Lumen (ex. Qwest)
AS210,Utah Education Network
AS217,University of Minnesota
AS224,Sikt (Uninett)
AS225,University of Virginia
AS237,Merit Network Inc.
AS278,Universidad Nacional Autonoma de Mexico
AS376,Reseau d'Informations Scientifiques du Quebec (RISQ Inc.)
AS513,CERN
AS553,BelWü
AS559,SWITCH
AS577,Bell Canada
AS680,Deutsches Forschungsnetz (DFN)
AS701,Verizon Business
AS702,Verizon Business - EMEA
AS714,Apple Inc.
AS715,"""WoodyNet", Inc."
AS760,Vienna University Computer Center
AS766,Entidad Publica Empresarial Red.es
AS786,Jisc Services Limited
AS789,Renater
AS797,"""AT&T Services", Inc."
AS802,York University
AS823,University of Western Ontario
AS852,TELUS Communications Inc.
AS979,NetLab Global
AS1103,SURF B.V.
AS1128,Technische Universiteit Delft
AS1133,University of Twente
AS1219,Oracle Corporation
AS1221,Telstra Limited
AS1241,Nova Telecommunications & Media Single Member S.A
AS1249,University of Massachusetts - AMHERST
AS1257,Tele2 Sverige AB
AS1299,Arelion (fka. Telia Carrier)
AS1312,Virginia Polytechnic Institute and State Univ.
AS1653,Vetenskapsrådet / SUNET
AS1741,CSC - Tieteen tietotekniikan keskus Oy
AS1742,Harvard University
AS1776,WU (Wirtschaftsuniversitaet Wien) - Vienna University...
AS1820,WNET TELECOM USA Corp.
AS1835,Forskningsnettet - Danish NREN
AS1851,Adelaide University
AS1853,ACONET
AS1888,Stichting Centrum voor Wiskunde en Informatica
AS1897,"""NOS COMUNICACOES", S.A."
AS1916,RNP - Rede Nacional de Ensino e Pesquisa
AS1930,"""Fundacao para a Ciencia e a Tecnologia", I.P."
AS2018,TENET (The UNINET Project)
AS2047,Hoffmann - La Roche Ltd.
AS2055,Louisiana State University
AS2108,Croatian Academic and Research Network
AS2165,HP Inc.
AS2200,Renater
AS2496,University of Kansas
AS2497,Internet Initiative Japan Inc.
AS2516,KDDI Corporation
AS2527,Sony Network Communications Inc.
AS2553,Florida State University
AS2571,DHL Information Services (Europe) s.r.o
AS2576,U. S. Department of Transportation
AS2611,BELNET
AS2635,"""Automattic", Inc"
AS2639,ZOHO
AS2647,ORANGE BUSINESS COMMUNICATIONS TECHNOLOGY LIMITED
AS2665,Shared Services Canada
AS2818,BBC
AS2843,Linköpings universitet
AS2846,Lund University
AS2852,CESNET z.s.p.o.
AS2856,British Telecommunications
AS2914,"""NTT America", Inc."
AS3147,U.S. BANCORP
AS3209,Vodafone GmbH
AS3215,Orange S.A.
AS3223,Voxility LLP
AS3236,SERVER.UA LLC
AS3243,MEO
AS3301,Telia Company AB
AS3303,Swisscom (Schweiz) AG
AS3308,Telia Company AB (Denmark)
AS3313,BT Italia S.p.A.
AS3316,"Join-stock company """"Internet Exchange""""MSK-IX"""""
AS3329,Vodafone Greece
AS3333,Reseaux IP Europeens Network Coordination Centre (RIPE NCC)
AS3352,TELEFONICA DE ESPANA S.A.U.
AS3356,Lumen (Level 3)
AS3379,"""Kaiser Foundation Health Plan", Inc."
AS3388,University of New Mexico
AS3389,Ford Motor Company
AS3423,"""AT&T Enterprises", LLC"
AS3449,Universidad Nacional de Buenos Aires
AS3456,Charter Communications Inc
AS3462,HiNet (Chunghwa Telecom)
AS3477,National Oceanic and Atmospheric Administration
AS3479,Board of Regents of the University System of Georgia
AS3481,State of Connecticut
AS3486,JPMorgan Chase & Co.
AS3527,National Institutes of Health
AS3561,Lumen (ex. Savvis)
AS3573,Accenture LLP
AS3614,"""Dell", Inc."
AS3685,State University of New York at Buffalo
AS3701,Link Oregon (University of Oregon)
AS3705,U.S. Government Publishing Office
AS3778,Temple University
AS3786,LG DACOM Corporation
AS3842,"""InMotion Hosting", Inc."
AS3920,ESTOXY OU
AS4015,"""CenturyLink Communications", LLC"
AS4046,Federal Aviation Administration
AS4130,University of Pittsburgh
AS4134,China Telecom Backbone
AS4155,USDA
AS4181,TDS TELECOM
AS4385,Rochester Institute of Technology
AS4455,IX Reach Ltd
AS4515,PCCW IMS Ltd (PCCW Business Internet Access)
AS4528,The University of Hong Kong
AS4538,China Education and Research Network Center
AS4583,West Publishing Corporation
AS4608,Asia Pacific Network Information Centre
AS4611,CNNIC member
AS4618,Internet Thailand Company Limited
AS4657,StarHub Ltd
AS4668,LG CNS
AS4694,IDC Frontier Inc.
AS4713,NTT Communications Corporation (OCN)
AS4755,TATA Communications (formerly VSNL)
AS4758,National Informatics Centre
AS4761,PT Indosat Tbk
AS4766,Korea Telecom
AS4792,NATE Communications Corporation
AS4808,China Unicom Beijing Province Network
AS4811,China Telecom Shanghai IDC Network
AS4812,China Telecom Shanghai Province Network
AS4822,National Library of Australia
AS4837,China Unicom Backbone
AS4847,China Telecom Beijing Province Network
AS5387,"""""Computational technologies - consulting"""" LLC"
AS5403,APA-IT Informations Technologie G.m.b.H
AS5404,conova communications GmbH
AS5432,Proximus NV
AS5483,Magyar Telekom Plc.
AS5517,CSL Computer Service Langenbach GmbH
AS5520,Universitaet zu Koeln
AS5539,SpaceNet AG
AS5602,Retelit Digital Services S.p.A.
AS5607,Sky UK
AS5617,Orange Polska Spolka Akcyjna
AS5661,UNIVERSITY OF SOUTH FLORIDA
AS5723,Johns Hopkins University
AS5774,United States Postal Service
AS5972,United States Department of Defense (DoD)
AS6057,Administracion Nacional de Telecomunicaciones
AS6075,Lockheed Martin Corporation
AS6106,"""University of California", Riverside"
AS6128,Cablevision Systems Corp.
AS6150,National Cancer Institute
AS6200,University of Illinois Chicago
AS6220,inContact Inc.
AS6253,The Prudential Insurance Company of America
AS6262,Commonwealth Scientific and Industrial
AS6325,Illinois Century Network
AS6352,E*TRADE Financial Corporation
AS6354,"""Lycos", Inc."
AS6356,University of Florida
AS6360,University of Hawaii
AS6366,Portland State University
AS6389,"""AT&T Enterprises", LLC"
AS6429,Telmex Chile Internet S.A.
AS6461,Zayo Bandwidth
AS6482,Thryv
AS6510,Brigham Young University
AS6619,SamsungSDS Inc.
AS6629,National Oceanic and Atmospheric Administration
AS6646,"""Aetna", Inc."
AS6681,GIVEME CLOUD SP Z O O
AS6698,Virtual Systems LLC
AS6724,Strato GmbH
AS6730,Sunrise GmbH
AS6736,Institute for Research in Fundamental Sciences
AS6758,Monaco Telecom S.A.
AS6799,Ote SA (Hellenic Telecommunications Organisation)
AS6805,Telefonica Germany (o2)
AS6848,Telenet BV
AS6855,"""Slovak Telekom", a.s."
AS6939,Hurricane Electric LLC
AS6949,"""Charles Schwab & Co.", Inc."
AS6999,Interactive Telecom Network
AS7004,CTC Transmisiones Regionales S.A.
AS7018,"""AT&T Enterprises", LLC"
AS7040,Netminders Server Hosting
AS7046,Verizon Business
AS7162,Universo Online S.A.
AS7276,University of Houston
AS7301,National Academy of Sciences
AS7303,Telecom Argentina S.A.
AS7359,"""CenturyLink Communications", LLC"
AS7506,"""GMO Internet Group", Inc."
AS7552,Viettel Group
AS7575,Australian Academic and Research Network (AARNet)
AS7625,Kakao Corp
AS7684,SAKURA Internet Inc.
AS7726,FedEx Internet Technologies Corporation
AS7764,National Oceanic and Atmospheric Administration
AS7843,Charter Communications Inc
AS7859,pair Networks
AS7896,The Board of Regents of the University of Nebraska
AS7922,"""Comcast Cable Communications", LLC"
AS7941,Internet Archive
AS7973,Mayo Foundation for Medical Education and Research
AS7979,"""Servers.com", Inc."
AS7992,Cogeco Connexion Inc.
AS8030,AT&T WorldNet
AS8068,Microsoft Corporation
AS8069,Microsoft Corporation
AS8070,Microsoft Corporation
AS8075,Microsoft Corporation
AS8076,Department of Housing and Urban Development
AS8151,UNINET
AS8193,"""""Uzbektelekom"""" Joint Stock Company"
AS8220,COLT
AS8234,RAI RadioTelevisione Italiana
AS8248,"Computer Technology Institute and Press """"Diophantus"""""
AS8255,Euro-Information-Europeenne de Traitement de l'Inform...
AS8291,The Federal Guard Service of the Russian Federation
AS8303,Westdeutscher Rundfunk Köln
AS8308,NAUKOWA I AKADEMICKA SIEC KOMPUTEROWA - PANSTWOWY INS...
AS8342,JSC RTComm.RU
AS8359,MTS PJSC
AS8369,Intersvyaz-2 JSC
AS8391,Knipp Medien und Kommunikation GmbH
AS8400,Telekom Srbija a.d.
AS8414,International Telecommunication Union
AS8426,Claranet Limited
AS8434,Telenor Sverige AB
AS8456,Bogazici University
AS8473,Bahnhof AB
AS8484,Novye oblachnye technologii LLC
AS8535,Agora TC Sp.z.o.o.
AS8551,Bezeq International Ltd.
AS8560,IONOS SE
AS8586,TalkTalk Communications Limited
AS8612,Tiscali Italia S.P.A.
AS8648,dogado GmbH
AS8659,United Nations International Computing Centre
AS8660,Italiaonline S.p.A.
AS8674,Netnod AB
AS8708,DIGI ROMANIA S.A.
AS8739,ICDSoft Ltd.
AS8763,DENIC eG
AS8767,M-net Telekommunikations GmbH
AS8839,SdV-Plurimedia
AS8856,UkrNet Ltd.
AS8860,Delta HighTech Ltd.
AS8881,1&1 Versatel GmbH
AS8883,UBS AG
AS8891,Orange S.A.
AS8901,"GKU """"Mosgortelecom"""""
AS8985,"Join-stock company """"Internet Exchange""""MSK-IX"""""
AS8987,Amazon Gov Cloud
AS9002,RETN Limited
AS9009,M247 Europe SRL
AS9063,VSE NET GmbH
AS9121,Turk Telekom
AS9123,"JSC """"TIMEWEB"""""
AS9159,Credit Agricole SA
AS9198,JSC Kazakhtelecom
AS9286,KINX
AS9318,SK Broadband Co Ltd
AS9335,National Telecom Public Company Limited
AS9370,SAKURA Internet Inc.
AS9371,SAKURA Internet Inc.
AS9498,Bharti Airtel Ltd.
AS9597,KDDI Web Communications Inc.
AS9607,"""BroadBand Tower", Inc."
AS9752,Flipkart Internet Pvt Ltd
AS9808,China Mobile Backbone
AS9829,BSNL (Bharat Sanchar Nigam Ltd)
AS9891,CS LOXINFO Public Company Limited.
AS9924,"""Taiwan Fixed Network", Telco and Network Service Provider."
AS9952,Hostway IDC
AS10006,"""SECOM Trust Systems Co.",Ltd."
AS10010,TOKAI Communications Corporation
AS10029,SHYAM SPECTRA PVT LTD
AS10122,NETSTAR (SG) PTE. LTD.
AS10158,Kakao Corp
AS10361,"""Bloomberg", LP"
AS10411,Environmental Systems Research Institute
AS10668,"""Lee Enterprises", Incorporated"
AS10694,"""Monster Worldwide", Inc."
AS10745,ARIN Operations
AS10753,"""Level 3 Parent", LLC"
AS10755,Dartmouth College
AS10794,"""Bank of America", National Association"
AS10846,Deere & Company
AS10879,Unitedhealthcare
AS10912,Unitas Global
AS10921,Commonwealth of KentuckyDepartment of Information Systems
AS10929,eStruxture Data Centers Inc.
AS10954,SERVICO FEDERAL DE PROCESSAMENTO DE DADOS - SERPRO
AS10966,"""Alaska Airlines", Inc."
AS10996,Concorde inc.
AS11014,Metrotel
AS11019,"""HAProxy Technologies", Inc."
AS11054,"""LivePerson", Inc."
AS11078,Brown University
AS11105,Simon Fraser University
AS11106,"""Wolfram Research", Inc."
AS11207,"""Boston Globe Media Partners", LLC"
AS11273,"""Fiserv Solutions", LLC"
AS11279,George Mason University
AS11403,NYI
AS11406,CIGNA
AS11432,Telium Telecomunicações Ltda
AS11442,North Carolina State University
AS11492,"""CABLE ONE", INC."
AS11520,Allstate Insurance Company
AS11664,Techtel LMDS Comunicaciones Interactivas S.A.
AS11696,"""Fusion", LLC"
AS11719,Eaton Corporation
AS11740,Progressive Casualty Insurance Company
AS11745,University System of New Hampshire
AS11790,"""Random House", Inc."
AS11807,Divertissements GameLoft Inc
AS11827,Washington State University
AS11840,Verisign Anycast US 0D
AS11855,Unitas Global
AS11872,Syracuse University
AS11939,"""THE MATHWORKS", INC."
AS11985,Social Security Administration
AS12008,Vercara (f.k.a Neustar)
AS12059,Internet Light and Power Inc.
AS12079,Verizon Business
AS12145,Colorado State University
AS12148,Clemson University
AS12213,Centersquare
AS12217,UNITED PARCEL SERVICE
AS12229,"""SAS Institute", Inc."
AS12257,"""Dell", Inc."
AS12301,Invitech ICT Services Kft.
AS12306,Plus.line AG
AS12322,Free SAS
AS12337,noris network AG
AS12348,ODN OnlineDienst Nordbayern GmbH & Co. KG
AS12353,Vodafone Portugal - Communicacoes Pessoais S.A.
AS12389,Rostelecom PJSC
AS12400,Partner Communications Ltd.
AS12455,Kenyan Post & Telecommunications Company / Telkom Kenya Ltd
AS12479,Orange Espagne SA
AS12488,Krystal Hosting Ltd
AS12494,"OOO """"Post ltd"""""
AS12516,WEBORAMA SA
AS12525,INTERNET Ltd.
AS12601,Cegedim.Cloud SASU
AS12616,Citytelecom LLC
AS12678,Badoo Trading Limited
AS12695,LLC Digital Network
AS12732,GutCon GmbH
AS12816,Leibniz-Rechenzentrum
AS12827,Wirtualna Polska Media S.A.
AS12876,Scaleway
AS12978,ANDROMEDA TV DIGITAL PLATFORM ISLETMECILIGI A.S.
AS12993,Delska Latvia
AS13008,Entain Services Austria GmbH
AS13036,T-Mobile Czech Republic a.s.
AS13041,Consorci de Serveis Universitaris de Catalunya
AS13193,KEYYO SA
AS13223,Council Of Europe
AS13237,euNetworks GmbH
AS13238,YANDEX LLC
AS13335,"""Cloudflare", Inc."
AS13348,CIGNA
AS13371,Duke University
AS13445,Cisco Webex LLC
AS13462,"""Institute of Electrical and Electronics Engineers", Inc"
AS13490,"""Buckeye Cablevision", Inc."
AS13506,United States Department of the Treasury
AS13535,"""Ning Interactive", Inc."
AS13588,Paychex Inc.
AS13645,"""BroadbandONE", LLC"
AS13649,Flexential Colorado Corp.
AS13684,"""Medtronic", Incorporated"
AS13767,"""DataBank Holdings", Ltd."
AS13768,Aptum Technologies
AS13796,University of Connecticut
AS13812,Fisher Scientific
AS14061,DigitalOcean LLC
AS14259,Gtd Internet S.A.
AS14298,Environmental Protection Agency
AS14299,"""Automatic Data Processing", Inc."
AS14340,"""Salesforce.com", Inc."
AS14537,Continent 8 LLC
AS14618,"""Amazon.com", Inc."
AS14627,"""Vitalwerks Internet Solutions", LLC"
AS14738,Digi-Key Corporation
AS14744,Unitas Global
AS14745,Unitas Global
AS14782,MailChimp
AS14907,Wikimedia Foundation Inc.
AS15113,Harman International Industries Inc.
AS15133,Edgecast Inc.
AS15149,"""Core Technology Services", Inc."
AS15169,Google LLC
AS15201,Universo Online S.A.
AS15208,Servicio de Impuestos Internos
AS15224,Adobe Inc.
AS15318,McGill University
AS15348,Tucows.com Co.
AS15359,"""Datto", LLC"
AS15391,Sysclay Sp. z o. o.
AS15435,DELTA Fiber Nederland B.V.
AS15456,InterNetX GmbH
AS15549,National Information Technologies Joint-Stock Company
AS15557,SFR SA
AS15582,JSC Comcor
AS15598,NorthC Deutschland GmbH
AS15632,"JSC """"Alfa-Bank"""""
AS15685,CASABLANCA INT a.s.
AS15808,NTT DATA (Dimension Data)
AS15830,"""Equinix", Inc."
AS15897,Vodafone Telekomunikasyon A.S.
AS15967,Nazwa.pl Sp.z.o.o.
AS16075,TAZ Verlags- und Vertriebsgesellschaft mit beschraenk...
AS16125,UAB Cherry Servers
AS16138,Interia.pl Sp z.o.o.
AS16182,Santander Bank Polska S.A.
AS16276,OVH SAS
AS16326,SmalS vzw
AS16345,"PJSC """"Vimpelcom"""""
AS16462,University of Victoria
AS16509,"""Amazon.com", Inc."
AS16552,Tiggee LLC
AS16625,"""Akamai Technologies", Inc."
AS16637,MTN SA (Bayobab)
AS16660,Capital One Financial Corporation
AS16686,"""easyDNS Technologies", Inc."
AS16701,ADMINISTRACION FEDERAL DE INGRESOS PUBLICOS(AFIP)
AS16733,Gen Digital Inc.
AS16735,Algar Telecom
AS16751,Open Text Corporation
AS16838,Verisign Anycast US 3L
AS16839,"""SERVICENOW", INC."
AS16848,NexG
AS16876,ICANN
AS16880,TREND MICRO INCORPORATED
AS16922,University of Oklahoma HSC
AS17035,NBCUniversal
AS17054,Expedient
AS17055,University of Utah
AS17439,NTT Communications India Pvt. Ltd.
AS17564,GITN Sdn. Bhd.
AS17621,China Unicom Shanghai network
AS17676,SoftBank Corp.
AS17716,National Taiwan University
AS17881,"""Inet Hosting", Inc."
AS18051,Pustekkom
AS18160,Kakao Corp
AS18229,CtrlS
AS18403,FPT Telecom Company
AS18465,"""Workday", Inc."
AS18568,Bidtellect Inc.
AS18705,BlackBerry Limited
AS19071,"""Match Group", LLC"
AS19189,Pulsepoint Inc
AS19224,"""Quantum Services Group", LLC."
AS19250,"""John Wiley & Sons", Inc."
AS19317,"""Bluesky Social", PBC"
AS19318,"""Interserver", Inc"
AS19373,Triara.com S.A. de C.V.
AS19437,SECURED SERVERS LLC
AS19527,Google LLC (Google Cloud)
AS19551,Incapsula Inc
AS19557,CHANGEIP COM
AS19574,Corporation Service Company
AS19648,Corporation of the Presiding Bishop of the Church of ...
AS19679,"""Dropbox", Inc."
AS19780,"""Intermedia.net", Inc."
AS19871,"""Network Solutions", LLC"
AS19905,"""Vercara", LLC"
AS19994,Rackspace Hosting
AS20116,CAIXA ECONOMICA FEDERAL
AS20258,"""Analog Devices", Inc."
AS20473,"""The Constant Company", LLC"
AS20546,SOPRADO GmbH
AS20596,Future Publishing Ltd
AS20633,Johann Wolfgang Goethe-Universitat Frankfurt am Main
AS20675,BOURSORAMA S.A.
AS20705,HSBC Bank plc
AS20740,Messe Frankfurt GmbH
AS20746,Telecom Italia S.p.A.
AS20756,NAMESHIELD SAS
AS20764,CJSC RASCOM
AS20857,TransIP B.V. (team.blue NL)
AS20860,IOMART CLOUD SERVICES LIMITED
AS20940,Akamai International B.V.
AS21051,ASTRUM LLC
AS21192,dpa Deutsche Presse-Agentur GmbH
AS21245,MEDIANOVA INTERNET HIZMETLERI VE TICARET ANONIM SIRKETI
AS21282,KazNIC Organization
AS21777,Massive Networks
AS21785,"""Red Hat", Inc."
AS21840,WiredISP Inc.
AS21859,Zenlayer Inc
AS22024,"""Splunk", Inc."
AS22063,J. Paul Getty Trust
AS22205,"""DataPipe", Inc."
AS22244,Motorola Mobility LLC
AS22252,The City of New York
AS22284,U.S. Department of the Interior
AS22390,XEROX CORPORATION
AS22414,"""Craigslist", Inc."
AS22427,GNET INC.
AS22548,Núcleo de Informação e Coordenação do Ponto BR - NIC.BR
AS22552,eSited Solutions
AS22604,Disney Streaming Services
AS22611,"""InMotion Hosting", Inc."
AS22612,"""Namecheap", Inc."
AS22652,Videotron Ltee
AS22697,Roblox
AS22773,Cox Communications Inc.
AS22834,Boston College
AS22989,"""Free Software Foundation", Inc."
AS23005,"""SWITCH", LTD"
AS23028,Team Cymru Inc.
AS23033,Wowrack.com
AS23162,University of Kentucky
AS23352,DEFT.COM
AS23393,NuCDN LLC
AS23576,NAVER Cloud Corp.
AS23616,"""Hitachi Systems", Ltd."
AS23693,PT. Telekomunikasi Selular
AS23724,China Telecom Beijing IDC Network
AS23816,Yahoo Japan Corporation
AS23820,"""Rakuten Group", Inc."
AS24020,"""University ITM", Shah Alam, Selangor Malaysia"
AS24151,China Internet Network Infomation Center
AS24211,PT Detik Ini Juga
AS24247,PacketFabric (Hong Kong) Limited
AS24282,KAGOYA JAPAN Inc.
AS24400,"""Shanghai Mobile Communications Co.",Ltd."
AS24429,Alibaba Cloud
AS24436,University of Queensland
AS24462,Network Management Section
AS24482,SG.GS
AS24547,Hebei Mobile Communication Company Limited
AS24572,Yahoo Japan
AS24586,Intermax Group B.V.
AS24600,Orange S.A.
AS24611,Datacenter Luxembourg S.A.
AS24638,Rambler Internet Holding LLC
AS24641,FASTER CZ spol. s r.o.
AS24690,Szerencsejatek Zrt
AS24723,Atman Sp. z o.o.
AS24768,"""AlmourolTec", Lda"
AS24823,VTB Bank (Public Joint-Stock Company)
AS24843,France Televisions SA
AS24913,Bank Saint Petersburg PJSC
AS24940,Hetzner Online GmbH
AS24955,"JSC """"Ufanet"""""
AS24961,WIIT AG (fka. myLoc Managed IT AG)
AS24971,MasterDC s.r.o.
AS25106,Mobile TeleSystems JLLC
AS25159,PJSC MegaFon
AS25192,"""CZ.NIC", z.s.p.o."
AS25248,RADIOKOMUNIKACE a.s.
AS25273,Broadcasting Center Europe (an RTL Group Company)
AS25285,Boletin Oficial del Estado
AS25291,SysEleven GmbH
AS25292,"Federal State Unitary Enterprise """"The Russian Televis..."
AS25394,MK Netzdienste Verwaltungs GmbH trading as MK Netzdie...
AS25478,iHome LLC
AS25532,"LLC """"MASTERHOST"""""
AS25563,Webland AG
AS25751,"""Conversant", Inc."
AS25829,Smithsonian Institution
AS25875,FriendFinder Networks Inc
AS26046,Utah State University
AS26054,Thryv
AS26101,Yahoo Holdings Inc.
AS26134,Verisign Anycast US 0B
AS26218,EMP. DE TEC. E INF. DA PREVIDENCIA - DATAPREV
AS26277,ServerPoint.com
AS26342,"""Deloitte Touche Tohmatsu Services", Inc."
AS26347,"""New Dream Network", LLC"
AS26380,MasterCard Technologies LLC
AS26496,"""GoDaddy.com", LLC"
AS26529,Hilton Worldwide Holdings Inc
AS26662,XEROX CORPORATION
AS26666,"""Interserver", Inc"
AS26762,"""Conversant", LLC"
AS26787,Northwestern Mutual Life Insurance Company
AS26810,U.S. Dept. of Health and Human Services
AS27011,XM Satellite Radio
AS27357,Rackspace Hosting
AS27365,"""Cengage Learning", Inc."
AS27589,MOJOHOST
AS27632,Tractor Supply Company
AS27647,"""Weebly", Inc."
AS27715,Locaweb Serviços de Internet S/A
AS28089,BANCO CENTRAL DE VENEZUELA
AS28571,UNIVERSIDADE DE SAO PAULO
AS28573,Claro NXT Telecomunicacoes Ltda
AS28604,Globo Comunicação e Participaçoes SA
AS28637,Cia Proc. de Dados do Estado de S Paulo - Prodesp
AS28753,Leaseweb Deutschland GmbH
AS28785,Asseco Cloud Sp. z o. o.
AS28812,"PJSC """"Bashinformsvyaz"""""
AS28839,United Nations Office at Vienna
AS28899,Autonomous Institution of the Khanty-Mansi Autonomous...
AS29003,"""IP TELECOM", SERVICOS DE TELECOMUNICACOES S.A."
AS29066,velia.net Internetdienste GmbH
AS29097,Hostpoint AG
AS29119,AIRE NETWORKS DEL MEDITERRANEO SL UNIPERSONAL
AS29169,GANDI SAS
AS29182,JSC IOT
AS29222,Infomaniak Network SA
AS29226,MasterTel
AS29278,Rackhost Zrt.
AS29298,SUSE Software Solutions Germany GmbH
AS29447,Iliad Italia S.p.A
AS29550,Team Blue Carrier Limited
AS29561,JSC Firma Center Vnedreniya Protek
AS29670,"Individual Network Berlin (""""IN-Berlin"""") e.V."
AS29691,Nine Internet Solutions AG
AS29702,"""Alaska Airlines", Inc."
AS29758,"""Samba TV", Inc."
AS29789,"""Reflected Networks", Inc."
AS29802,"""HIVELOCITY", Inc."
AS29816,Southwest Airlines Co.
AS29873,"""Newfold Digital", Inc."
AS29988,Rogers Communications Canada Inc.
AS29990,Xandr Inc.
AS29992,U.S. Department of Veterans Affairs
AS30058,FDCservers.net
AS30083,velia.net
AS30148,Sucuri
AS30193,Los Angeles Unified School District
AS30313,Internal Revenue Service
AS30320,"""Kia America", Inc."
AS30383,General Motors LLC
AS30447,Internet Names For Business Inc.
AS30600,Metronet
AS30633,LeaseWeb USA / WDC-01
AS30811,Optimizely AB
AS30931,IG Index Ltd.
AS31004,Schweizerische Bundesbahnen SBB
AS31034,Aruba S.p.A.
AS31042,Serbia BroadBand-Srpske Kablovske mreze d.o.o.
AS31083,Telepoint Ltd
AS31133,MegaFon PJSC
AS31151,PERFORMANCE HORIZON GROUP LIMITED
AS31174,AO RAIFFEISENBANK
AS31200,Novotelecom Ltd
AS31229,Beyond.pl sp. z o.o.
AS31483,"JSC """"ER-Telecom Holding"""""
AS31549,Aria Shatel PJSC
AS31621,Allegro sp. z o.o.
AS31715,CloudIP LLC
AS31727,Node4 Limited
AS31747,"""BlackRock Financial Management", Inc."
AS31822,City University of New York
AS31886,University of Guelph
AS31898,Oracle Cloud
AS32097,"""WholeSale Internet", Inc."
AS32181,GigeNET
AS32244,"""Liquid Web", L.L.C"
AS32338,Hostiserver Ltd
AS32354,Unwired
AS32368,mouser electronics
AS32472,RELX inc.
AS32475,Internap Holding LLC
AS32577,The Kroger Co.
AS32748,Steadfast
AS32934,"""Facebook", Inc."
AS32982,U.S. Department of Energy
AS33070,Rackspace Hosting
AS33083,AxcelX Technologies LLC
AS33091,University of Calgary
AS33182,"""HostDime.com", Inc."
AS33191,"""Notion Labs", Inc."
AS33198,"""Qualcomm", Inc."
AS33442,Zebra Technologies Corporation
AS33522,"""cPanel", LLC."
AS33738,United States Holocaust Memorial Museum
AS33764,African Network Information Center - ( AfriNIC Ltd. )
AS33837,Fredrik Holmqvist
AS33845,Swiss Federation represented by FOITT
AS33905,Akamai International B.V.
AS34011,Host Europe GmbH
AS34086,T-Systems International GmbH
AS34156,DB Systel GmbH (German Railway)
AS34177,CELESTE SAS
AS34285,Sociedad Andaluza para el Desarrollo de las Telecomun...
AS34309,Link11 GmbH
AS34343,Eweka Internet Services B.V.
AS34624,Megaspace Internet Services GmbH
AS34655,JWE S.a r.l.
AS34718,"""""IST TELEKOM"""" JV LLC"
AS34762,Combell NV
AS34788,Neue Medien Muennich GmbH
AS34798,willhaben internet service GmbH & Co KG
AS34878,Karlsruhe Institute of Technology
AS34879,"OOO """"Sovremennye setevye tekhnologii"""""
AS34918,Pishgaman Toseeh Ertebatat Company (Private Joint Stock)
AS34931,Awareness Software Limited
AS34947,Alibaba Travel Company (LTD)
AS34959,KVIKTEL LLC
AS34984,Superonline Iletisim Hizmetleri A.S.
AS34993,CYLLENE ITS SAS
AS35012,Claranet SAS
AS35028,Unity Technologies ApS
AS35039,SAP SE
AS35179,Korbank S. A.
AS35237,Sberbank of Russia PJSC
AS35278,SPRINTHOST.RU LLC
AS35280,F5 Networks SARL
AS35285,Institute for Research in Fundamental Sciences
AS35293,E-Card Ltd.
AS35338,Ministry of Interior
AS35415,Webzilla B.V.
AS35673,JSC Kaspi Bank
AS35676,La Poste S.A.
AS35704,ITZBund
AS35739,Bayerischer Rundfunk
AS36154,THE WESTERN UNION COMPANY
AS36323,Ezri Inc
AS36351,IBM Cloud
AS36459,"""GitHub", Inc."
AS36493,FIBERNETICS CORPORATION
AS36646,Yahoo Holdings Inc.
AS36647,Yahoo Holdings Inc.
AS36692,"""Cisco OpenDNS", LLC"
AS36850,University of North Carolina at Chapel Hill
AS36947,Telecom Algeria
AS37936,Sina
AS37963,"""Hangzhou Alibaba Advertising Co.",Ltd."
AS38099,Kakao Corp
AS38244,VNG Corporation
AS38283,CHINANET SiChuan Telecom Internet Data Center
AS38365,"""Beijing Baidu Netcom Science and Technology Co.", Ltd."
AS38529,Reliance Industries Limited WAN Backbone Interface wi...
AS38532,Exabytes Network (Singapore) Pte. Ltd.
AS38631,LINE Corporation
AS38700,SMILESERV
AS38731,Viettel - CHT Company Ltd
AS38952,"""MAFRA", a.s."
AS39029,Redpill Linpro AS
AS39122,Blacknight Internet Solutions Limited
AS39134,EDINAYA SET LIMITED LIABILITY COMPANY
AS39218,Burda Digital Systems GmbH
AS39227,Corpex Internet GmbH
AS39287,ab stract ltd
AS39351,31173 Services AB
AS39392,SH.cz s.r.o.
AS39415,PJSC Moscow city telephone network
AS39551,Centre de Telecomunicacions i Tecnologies de la Infor...
AS39570,Loopia AB
AS39572,DataWeb Global Group B.V.
AS39605,Iguane Solutions SAS
AS39684,OOO Mango Telecom
AS39729,REGISTER S.P.A.
AS39731,Axis Communications AB
AS39787,TV 2 AS
AS39832,Opera Norway AS
AS39960,Barnes & Noble Inc.
AS39962,FullHost
AS40009,"""BitGravity", Inc."
AS40026,DICK'S SPORTING GOODS INC
AS40027,Netflix Streaming Services Inc.
AS40034,Confluence Networks Inc
AS40401,Backblaze Inc
AS40428,"""Pandora Media", LLC"
AS40444,"""Constant Contact", Inc"
AS40509,"""Fly.io", Inc."
AS40675,"""PROQUEST", LLC"
AS40824,Webzilla Inc.
AS40913,"""Quality Technology Services", LLC"
AS40934,Fortinet Inc.
AS41064,Telefun SAS
AS41079,Cyber_Folks S.A.
AS41231,Canonical Group Limited
AS41417,TURKIYE JOKEY KULUBU DERNEGI AT YETISTIRICILIGI VE YA...
AS41468,INFOR IT SP. z o.o.
AS41615,JSC Russian Agricultural Bank
AS41628,Alter Way SAS
AS41654,Inetra LLC
AS41690,Dailymotion S.A.
AS41706,PJSC NK Rosneft
AS41722,Miran Ltd.
AS41887,Prolocation B.V.
AS41902,TURKUVAZ HABERLESME VE YAYINCILIK A.S.
AS42044,CentralNic Ltd
AS42216,Yasar Sen trading as Alapli Teknoloji
AS42223,LLC MARS
AS42244,eServer s.r.o.
AS42337,Respina Networks & Beyond PJSC
AS42371,MAGEX Solutions Kft.
AS42567,MOJOHOST B.V.
AS42612,DinaHosting S.L.
AS42632,MnogoByte LLC
AS42649,Baffin Bay Networks AB
AS42652,inexio Informationstechnologie und Telekommunikation Gmbh
AS42656,Allegro sp. z o.o.
AS42708,Glesys AB
AS42807,CIZGI TELEKOMUNIKASYON ANONIM SIRKETI
AS42848,European Commission
AS42910,PremierDC Veri Merkezi Anonim Sirketi
AS43037,"""Seznam.cz", a.s."
AS43066,Information und Technik Nordrhein-Westfalen
AS43081,World News PTE. LTD
AS43091,Efigence S.A.
AS43211,Noavaran Fan Avazeh Co. PJS
AS43226,Data Storage Center JSC
AS43298,Storm Networks LLC
AS43311,CCM Benchmark Group SAS
AS43317,SIA VEESP
AS43350,NForce Entertainment B.V.
AS43354,ZDF Zweites Deutsches Fernsehen
AS43362,Hosting Ltd
AS43391,Netdirekt A.S.
AS43399,"""""TBANK"""" JSC"
AS43407,INFOnline GmbH
AS43541,VSHosting s.r.o.
AS43614,Economia a.s.
AS43727,JSC KVANT-TELEKOM
AS43740,Secure Telecommunication LLC
AS43754,Asiatech Data Transmission company
AS43797,The Federal Guard Service of the Russian Federation
AS43896,EVO CLOUD LLC
AS44014,OOO NPO VMI
AS44051,Fornex Hosting S.L.
AS44066,firstcolo GmbH
AS44112,SpaceWeb Ltd
AS44128,Internet-Pro LLC
AS44239,proinity GmbH
AS44244,Iran Cell Service and Communication Company
AS44310,INTERNET TECHNOLOGIES LLC
AS44386,LLC Internet Solutions
AS44444,Forcepoint UK Limited
AS44521,Jagex Limited
AS44615,"""PRO PLUS", d.o.o."
AS44704,Perekrestok-2000 LLC
AS44716,D-hosting die Rackspace & Connectivity GmbH
AS44788,Criteo Technology SAS
AS44865,STANDARD Verlagsgesellschaft m.b.H.
AS44925,1984 ehf
AS44932,Fannavaran-e Idea Pardaz-e Saba PJSC
AS44984,"""Fortion Networks", s.r.o."
AS45062,NetEase
AS45090,Tencent Cloud
AS45102,"""Alibaba (US) Technology Co.", Ltd."
AS45474,NEXUSGUARD LIMITED
AS45530,Agoda Company Pte. Ltd.
AS45544,SUPERDATA-VN
AS45596,Centre For Railway Information Systems
AS45638,SYNERGY WHOLESALE PTY LTD
AS45644,IT-Networking Department
AS45708,Pemerintah Kota Surabaya
AS45894,FPT Online JSC
AS45899,VNPT Corp
AS45903,CMC Telecom Infrastructure Company
AS45974,NHNCLOUD
AS46015,Exa Bytes Network Sdn.Bhd.
AS46375,Sonic Telecom LLC
AS46469,GETRESPONSE
AS46475,"""Limestone Networks", Inc."
AS46562,Performive LLC
AS46606,Unified Layer
AS46617,"""WebMD", LLC"
AS46636,NatCoWeb Corp.
AS46652,"""DigitalOcean", LLC"
AS46844,Sharktech
AS46887,Crown Castle Fiber LLC
AS46928,Academy Sports + Outdoors
AS47381,Servergarden Kft.
AS47388,Dante International SA
AS47481,Lime HD LLC
AS47524,Turksat Uydu Haberlesme ve Kablo TV Isletme A.S.
AS47541,VKontakte Ltd
AS47544,IQ PL Sp. z o.o.
AS47577,Pravilnyy khosting Ltd
AS47583,Hostinger International Limited
AS47586,Dmitriy V. Kozmenko
AS47610,RWTH Aachen University
AS47724,Limited Liability Company HeadHunter
AS47764,LLC VK (Mail.ru)
AS47768,UK Intis Telecom LTD
AS47846,SEDO GmbH
AS47917,RTV Slovenija
AS47948,24sata doo
AS47952,ICT BULUT BILISIM A.S.
AS47957,Worldline IGSA SA
AS48018,Fornex Hosting S.L.
AS48061,Limited Liability Company GPM Digital Technologies
AS48096,Enterprise Cloud Ltd.
AS48158,DigitalOne AG
AS48247,Government of Kaliningrad region
AS48287,"JSC """"RU-CENTER"""""
AS48324,webgo GmbH
AS48347,JSC Mediasoft ekspert
AS48399,Svyaz VSD LLC
AS48434,Tebyan-e-Noor Cultural-Artistic Institute
AS48447,Sectigo Limited
AS48551,Sindad Network Technology PJSC
AS48573,PHAETON PLUS d.o.o
AS48579,ELASTX AB
AS48614,ITSOFT LLC
AS48635,CLDIN B.V.
AS48715,Sefroyek Pardaz Engineering PJSC
AS48716,PS Internet Company LLP
AS48851,Radware Ltd
AS48854,team.blue Denmark (Zitcom)
AS48894,Optimus IT d.o.o.
AS49002,"JSC """"Russian Post"""""
AS49063,Data Storage Center JSC
AS49099,Tadbir Pardaz IT Group LTD
AS49179,Tendence LLC
AS49186,Federal State Institution Research and Development In...
AS49453,Global Layer B.V.
AS49505,JSC Selectel
AS49675,SKB Kontur Production JSC
AS49699,SuperHosting.BG Ltd.
AS49796,Shaparak Electronic Card Payment Network Company PJS
AS49981,WorldStream B.V.
AS50090,D ELEKTRONIK SANS OYUNLARI VE YAYINCILIK A.S.
AS50198,SHOP APOTHEKE SERVICE GmbH
AS50214,QWARTA LLC
AS50245,Serverel Inc.
AS50335,PANDA SECURITY S.L.
AS50340,Selectel - Moscow
AS50343,New Work SE
AS50472,Chaos Computer Club e.V.
AS50613,Advania Ísland ehf (ThorDC)
AS50638,Zaklad Ubezpieczen Spolecznych
AS50673,Serverius Holding B.V.
AS50881,"""ESET", spol. s r.o."
AS51013,WebSupport s.r.o.
AS51026,Dade Pardazi Mobinhost Co LTD
AS51115,HLL LLC
AS51167,Contabo GmbH
AS51269,HEXATOM s.a.r.l.
AS51468,One.com A/S
AS51527,Hyundai AutoEver Europe GmbH
AS51577,Styria IT Solutions d.o.o.
AS51713,WHG Hosting Services Ltd
AS51852,Private Layer INC
AS51859,Mainstream doo Beograd
AS51870,La Francaise des Jeux
AS51894,SIA Mikrotīkls / MikroTik
AS52007,LLC AdRiver
AS52016,JSC ADFACT
AS52130,LiveSport s.r.o.
AS52580,Azion Technologies Ltda.
AS52649,Tribunal de Justica do Estado do Rio Grande do Sul
AS53187,UNIVERSIDADE ESTADUAL DE CAMPINAS
AS53332,"""C2Hosting", LLC"
AS53334,"""Total Uptime Technologies", LLC"
AS53589,PlanetHoster
AS53667,FranTech Solutions
AS53695,Southern Illinois University at Edwardsville
AS53736,Nutanix
AS53831,"""Squarespace", Inc."
AS54004,Optimum WiFi
AS54113,"""Fastly", Inc."
AS54288,"""SolidTools Technology", Inc."
AS54290,Hostwinds LLC.
AS54455,MadeIT inc.
AS54489,"""CoreSpace", Inc."
AS54641,"""InMotion Hosting", Inc."
AS54994,Meteverse Limited
AS55106,Datacate Inc.
AS55219,"""Cisco Systems", Inc."
AS55293,"""A2 Hosting", Inc."
AS55374,FUJITSU LIMITED
AS55532,Squiz Pty Ltd
AS55705,"""I World Tower", DLF CITY"
AS55824,NKN Core Network
AS55836,Reliance Jio Infocomm Limited
AS55960,Beijing Guanghuan Xinwang Digital
AS55990,Huawei Cloud Service data center
AS55992,Beijing Qihu Technology Company Limited
AS56041,China Mobile Group Zhejiang Company
AS56046,China Mobile Jiangsu Province Network
AS56048,China Mobile Group Beijing Company
AS56201,"""Zoho Corporation Pvt. Ltd","
AS56364,Garant-Park-Internet LLC
AS56581,"GBU """"Centre of Information Technologies of Amur Region"""""
AS56655,Gigahost AS
AS56694,LLC Smart Ape
AS56898,Private Host BV
AS57043,HOSTKEY B.V.
AS57046,Resource Information Center of the Udmurt Republic
AS57073,LLC Wildberries
AS57352,Federal State Unitary Enterprise Rossiya Segodnya Int...
AS57363,CDNvideo LLC
AS57503,OOO Taxtelecom
AS57629,LLC IVI.RU
AS57724,DDOS-GUARD LTD
AS57788,Ringier Slovakia Media s.r.o.
AS57811,Redge Technologies sp. z o.o.
AS57910,"""Soluciones Corporativas IP", SL"
AS57918,ACOD JSC
AS58010,uvensys GmbH
AS58024,Isaev Kamil Magomedovich
AS58061,Scalaxy B.V.
AS58135,AO Kaluga Astral
AS58182,Wix.com Ltd.
AS58224,Iran Telecommunication Company PJS
AS58262,Negah Roshan Pars Company (PJS)
AS58461,China Telecom Hangzhou IDC Network
AS58466,CHINANET Guangdong province network
AS58476,Direktorat Jenderal Pajak
AS58521,Garena Online Pte Ltd
AS58540,"""Jinan",250000"
AS58542,"""Tianjij",300000"
AS58593,"""Shanghai Blue Cloud Technology Co.",Ltd"
AS59188,IndianOil Corporation Limited
AS59238,"""Innovative Extremist Co.", Ltd."
AS59253,Leaseweb Singapore Pte. Ltd.
AS59441,NOAVARAN SHABAKEH SABZ MEHREGAN (Ltd.)
AS59601,Limited Liability Company HeadHunter
AS59692,IQWeb FZ-LLC
AS59796,StormWall s.r.o.
AS59939,WIBO Baltic UAB
AS60068,Datacamp Limited (CDN77 / DataPacket)
AS60077,Asre Dadeha Asiatech
AS60144,3W Infra B.V.
AS60148,Iran Information Technology Company PJSC
AS60229,Demonware Limited
AS60330,Belarusian Cloud Technologies LLC
AS60357,Megagroup.ru LLC
AS60362,ALWAYSDATA SARL
AS60404,The Infrastructure Group B.V.
AS60458,Xtudio Networks S.L.U.
AS60580,"""""PROFI.RU"""" LLC"
AS60631,Pars Parva System LLC
AS60651,Stek Kazan LLC
AS60684,"Managing company """"Realty of Petersburg Ltd"""""
AS60772,Sky Italia srl
AS60781,LeaseWeb Netherlands B.V.
AS60885,Zengenti Ltd.
AS60922,KKM IT Limited
AS60976,Parsan Lin Co. PJS
AS61098,Exoscale (Akenes SA)
AS61157,PlusServer GmbH
AS61168,Planet Service SARL
AS61293,1C LLC
AS61306,"LLC """"LitRes"""""
AS61317,Hivelocity LLC
AS61400,Start2 LLC
AS61866,INTELBRAS S.A. INDUSTRIA DE TELECOMUNICACAO ELETRO
AS61969,Team Internet AG
AS62041,Telegram Messenger - Europe
AS62371,Proton AG
AS62416,"""SAMPLING LINE-SERVICOS E INTERNET", LDA"
AS62442,Dade Samane Fanava Company (PJS)
AS62712,State of Hawaii
AS62744,Quintex Alliance Consulting
AS62804,"""PhotoShelter", Inc."
AS62856,"""Docusign", Inc"
AS63023,GTHost
AS63139,BEDGE CO LIMITED
AS63199,"""CDS Global Cloud Co.", Ltd"
AS63210,FC2 Inc
AS63362,Smule Inc.
AS63410,PrivateSystems Networks
AS63648,"""Beijing Xiaoju Science and Technology Co.", Ltd."
AS63826,"""Ministry of Planning", Planning Commission Chatter"
AS63835,China Telecom - Changsha Region
AS63932,Bangladesh Computer Council
AS63949,Akamai (Linode)
AS64422,SIMA RAYAN SHARIF COMPANY (LTD.)
AS131144,ASUSTek COMPUTER INC.
AS131392,GMO-Z.com Runsystem Joint Stock Company
AS131429,MOBIFONE Corporation
AS131634,MOBA Private Limited Taiwan Branch
AS131663,GIGABYTE
AS131930,"""Tokyo Broadcasting System Television", Inc."
AS131942,"""Gurunavi", Inc."
AS131965,Xserver Inc.
AS132043,4th Floor New Administrative Building
AS132203,Tencent
AS132420,"""282", Sector 19"
AS132557,Sbi Cards And Payment Services Limited
AS132634,Direktorat e-Government
AS133037,KERALA STATE IT MISSION
AS133231,Goods And Services Tax Network
AS133618,Trellian Pty. Limited
AS133865,"""Beijing IQIYI Science & Technology Co.", Ltd."
AS134029,Unique Identification Authority of India
AS134756,CHINANET Nanjing Jishan IDC network
AS134763,CHINANET Guangdong province network
AS134771,China Telecom Wenzhou IDC Network
AS135391,"""Aofei Data International Co.", Ltd."
AS135392,MillenialHost Limited
AS135402,Wired ISP Inc.
AS135629,Ningxia West Cloud Data Technology Co.Ltd.
AS135905,Vietnam P&T
AS135967,Bach Kim Network solutions Join stock company
AS136133,SQUIXA PTY LIMITED
AS136252,THE BANK OF BARODA LIMITED
AS136291,Madhya Pradesh State Electronics Development Corporat...
AS136907,Huawei Cloud
AS136958,China Unicom Guangdong IDC Network
AS137235,MOBILE SALES & DISTRIBUTION (PVT.) LIMITED
AS137289,PT Sigma Cipta Caraka
AS137409,GSL Networks Pty LTD
AS137517,FLAMEHOSTING INC
AS137661,Rajcomp Info Services Ltd.
AS137687,"""Luoyang", Henan Province, P.R.China."
AS137702,"""Nanjing", Jiangsu Province, P.R.China."
AS137718,"""Beijing Volcano Engine Technology Co.", Ltd."
AS137801,"""AIPO Cloud (Guizhou) Technology Co.", Ltd."
AS138007,LENOVO (AUSTRALIA & NEW ZEALAND) PTY LIMITED
AS138341,Shopee Singapore Pte. Ltd.
AS138421,China Unicom
AS138727,Center For E-governance
AS138950,Jiangsu Wuxi International IDC network
AS139057,Legend Dynasty Pte. Ltd.
AS139341,WeChat/QQ CDN
AS139456,PT Dewaweb
AS139659,LUCIDACLOUD LIMITED
AS140227,"""Hong Kong Communications International Co.", Limited"
AS140633,BILIBILI HK LIMITED
AS140637,Macquarie Technology Operations Pty Limited
AS140766,FPT Smart Cloud Company Limited
AS141679,China Telecom Beijing Tianjin Hebei Big Data Industry...
AS142160,Joyo Technology Pte. Ltd.
AS146943,Tier 4 Cloud Services
AS147303,ColoCone
AS150008,Pioneer Elabs Ltd.
AS150436,Byteplus Pte. Ltd.
AS151873,TOTHOST SOLUTIONS AND TECHNOLOGIES COMPANY LIMITED
AS152194,CTG Server Limited
AS152199,Kakao Corp
AS153561,PITC
AS196695,NetOne Rus JSC
AS197207,Hamrahe Avval (Mobile Communication Company of Iran)
AS197248,Dravanet Co Ltd.
AS197431,GEMIUS SA
AS197482,DoubleGIS LLC
AS197571,"LLC """"Search portal Sputnik"""""
AS197695,"""""Domain names registrar REG.RU""", Ltd"
AS198605,AVAST Software s.r.o.
AS198610,Beget LLC
AS198622,Adform A/S
AS198696,EURO-NET Sp. z o.o.
AS198913,Babiel GmbH
AS198947,RETN Saint Petersburg
AS198949,Radware
AS199148,Ministry of Health of Russian Federation
AS199178,Micro Systems Marc Balmer
AS199524,Gcore S.A.
AS199599,"""Telecom-Birzha", LLC"
AS199993,Associacao DNS.PT
AS200000,Hosting Ukraine LTD
AS200015,Omnichannel technologies LLC
AS200107,Kaspersky Lab Switzerland GmbH
AS200109,Zurkuhl GmbH
AS200195,"""Verasel", Inc."
AS200296,Dadeh Gostar Sina Shiraz PLC
AS200324,"""Mizban Abri Iman Iranian", LLC"
AS200325,Bunny.net
AS200350,Yandex.Cloud LLC
AS200514,KnownSRV Ltd.
AS200521,"""Ministerio De Economia", Comercio Y Empresa"
AS200554,Dade Pardaz Kimia Pouyesh PJS.
AS200651,FlokiNET ehf
AS200777,Deutsche Welle Anstalt des Oeffentlichen Rechts
AS200784,MY.GAMES B.V.
AS201012,KEH eCommerce LLC
AS201085,ANTEMETA SAS
AS201178,Euronet Telekomunikasyon A.S.
AS201200,SuperHosting.BG Ltd.
AS201589,"""""EDGEAM"""" LLC"
AS201706,SERVICEPIPE LLC
AS201773,University of Warwick
AS201814,MEVSPACE sp. z o.o.
AS201942,Soltia Consulting SL
AS202042,Skroutz Internet Services S.A.
AS202095,RCS MediaGroup S.p.a.
AS202108,united-domains GmbH
AS202319,Hezardastan Unit Cloud Computing PJSC
AS202425,IP Volume inc
AS202614,Kinescope B.V.
AS202655,Ministry of Education (MOE)
AS202798,Andisheh Yavaran Tamadon Emrooz LLC
AS202865,Dicastero per la Comunicazione
AS203055,Datacenter Luxembourg S.A.
AS203444,"""""MapMakers Group"""" Ltd"
AS203939,"""Mosaic Data Services", Inc."
AS204035,oneCorp GmbH
AS204198,"NCO """"MONETA"""" (LLC)"
AS204213,Netmihan Communication Company Ltd
AS204563,NexTReT S.L.
AS204601,Zomro B.V.
AS204643,El Corte Ingles S.A.
AS204706,JSC Kolesa
AS204878,"OOO """"Sovremennye setevye tekhnologii"""""
AS204995,RTB Marketing and Tech Services Ltd
AS205090,FIRST SERVER LIMITED
AS205111,ZOHO Corporation B.V
AS205186,MetaQuotes Ltd
AS205272,Musarubra Germany GmbH
AS205275,ROMARG SRL
AS205282,Tilda Publishing Ltd.
AS205312,"OOO """"Sovremennye setevye tekhnologii"""""
AS205373,Rightmove Group Limited
AS205411,WIIT AG
AS205461,Pole emploi
AS205544,Leaseweb UK Limited
AS205585,Arvan Cloud CDN
AS205787,Public Cloud Ltd.
AS205820,Unitary enterprise A1
AS206170,Yelles AB
AS206238,Freedom Internet BV
AS206873,GalaxyStar LLC
AS206955,EVOTOR LLC
AS206980,AntiDDoS Solutions LLC
AS207027,LLC Eximius
AS207104,"""""BiZone"""" LLC"
AS207143,hosttech GmbH
AS207304,Y. Izdeu men Jarnama LLP
AS207333,"LLP """"Kompaniya Hoster.KZ"""""
AS207560,Zubritska Valeriia Nikolaevna
AS207592,Gesellschaft fuer wissenschaftliche Datenverarbeitung...
AS207697,Immobiliare.it S.p.A.
AS207728,EUROHOSTER Ltd.
AS208161,Pars Shabakeh Azarakhsh LLC
AS208398,Edge Technology Plus (Yandex)
AS208677,"""""Cloud Technologies"""" LLC trading as Cloud.ru"
AS208681,Idealo Internet GmbH
AS208981,Data Center LLC
AS209030,Kaspersky Lab AO
AS209242,Cloudflare BYOIP Customers
AS209274,Kraken Network ISP LTD
AS209510,NAMESHIELD SAS
AS209622,uPress Inc
AS209626,Enflow B.V.
AS209671,Qrator Labs CZ s.r.o.
AS209684,Action-digital LLC
AS209847,WorkTitans B.V.
AS210079,EuroByte LLC
AS210275,Saudi Information Technology Company CJSC
AS210403,Groupe LWS SARL
AS210756,EdgeCenter LLC
AS210879,Sparteo SAS
AS211609,OKKO LLC
AS212216,Netafraz Iranian Ltd.
AS212238,Datacamp Limited
AS212461,Nemtcov Nikolai Alexandrovich
AS212531,"UAB """"Interneto vizija"""""
AS212772,AdGuard Software Limited
AS212792,Blinkov Egor Igorevich
AS213224,Aruba S.p.A.
AS213230,Hetzner Cloud - Ashburn
AS213306,Comtrade System Integration doo Belgrade Serbia
AS213980,Net Media Zrt.
AS214036,"""Ultahost", Inc."
AS214390,"""Wojtek SASU", trading as Gofile"
AS215402,Asadov Ruslan Rafaelevich
AS215467,Skhron OU
AS215540,GLOBAL CONNECTIVITY SOLUTIONS LLP
AS215740,Netulu Incorporated
AS216154,CLODO CLOUD SERVICE CO. L.L.C
AS216475,NKtelecom INC
AS262178,Pontificia Universidad Catolica Madre y Maestra (PUCMM)
AS266031,PRESIDÊNCIA DA REPÚBLICA
AS266444,3L CLOUD INTERNET SERVICES LTDA - EPP
AS269346,Secretaria de Estado de Desenvolvimento e Inovacao
AS271354,UNIVERSIDADE FEDERAL DE MINAS GERAIS
AS328174,HomeFind24 (Pty) Ltd t/a Property24
AS329023,Treten Networks Limited
AS393360,"""Tyler Technologies", Inc."
AS393457,Hamilton Community Enterprises
AS393942,WiredISP Inc.
AS393952,Service Alberta
AS394380,"""Leaseweb USA", Inc."
AS394396,Listrak
AS394493,"""CDK Global", LLC"
AS394572,"""Tyler Technologies", Inc."
AS394714,Data Recognition Corporation
AS395366,"""McKinsey & Company", Inc."
AS395409,Neocities
AS395609,Capital One Financial Corporation
AS395717,"""Wasabi Technologies", Inc."
AS396173,Southwest Airlines Co.
AS396253,"""iboss",inc"
AS396356,Latitude.sh
AS396367,"""Canadian Tire Corporation", LTD"
AS396982,Google Cloud Platform
AS396986,"""Bytedance", Inc. (TikTok)"
AS397273,Render
AS397423,Tier.Net Technologies LLC
AS397497,"""Paycom Payroll", LLC"
AS398019,Dynu Systems Incorporated
AS398101,"""GoDaddy.com", LLC"
AS398743,The Nemours Foundation
AS399358,"""Anthropic", PBC"
AS399482,"""Blurb", Inc."
AS399522,"""The Producers", Inc."
AS399566,Bigcommerce Inc.
AS399668,e-planning
AS400754,"""GoDaddy.com", LLC"
AS401645,Softoria LLC