ASNaN, initial-scale=1, shrink-to-fit=no">
ASNaN, however it includes the work of others who have helped out.</p>
ASNaN, Basil Fillan, Ben Cartwright-Cox, Cynthia Revstr√∂m, Elimalko Saado, eraters, Igloo22225, Jeroen Massar, Job Snijders, Molly Miller, Puck Meerburg, Roelf Wichertjes, Tim Stallard, Tommy Bowditch.
ASNaN, Inc</a></p>
ASNaN, Inc</a></p>
ASNaN, LLC</td>
ASNaN, LLC</td>
ASNaN, LLC</td>
ASNaN, Sole Proprietorship</td>
ASNaN, LLC</td>
ASNaN, LLC</td>
ASNaN, Inc.</td>
ASNaN, C.A.</td>
ASNaN, S.L.U</td>
ASNaN, Surathkal</td>
ASNaN, LIMITED</td>
ASNaN, Ltd.</td>
ASNaN, DTP, S.R.L.</td>
ASNaN, Ltd.</td>
ASNaN, LLC</td>
ASNaN, LLC</td>
ASNaN, Ltd.</td>
ASNaN,Ltd.</td>
ASNaN, LLC</td>
ASNaN, Inc.</td>
ASNaN, LLC</td>
ASNaN, LLC</td>
ASNaN, LLC.</td>
ASNaN, LLC</td>
ASNaN, Ltd.</td>
ASNaN, INC.</td>
ASNaN, Inc</td>
ASNaN, LLC</td>
ASNaN, SL</td>
ASNaN, LLC</td>
ASNaN, LLC</td>
ASNaN, LLC</td>
ASNaN, LLC</td>
ASNaN, LLC</td>
ASNaN, LLC</td>
ASNaN, LLC</td>
ASNaN, LLC</td>
ASNaN, LLC)</td>
ASNaN, Inc.</td>
ASNaN, LLC</td>
ASNaN, LLC</td>
ASNaN, Inc.</td>
ASNaN, LLC</td>
ASNaN, LLC</td>
ASNaN, Inc.</td>
ASNaN, Inc.</td>
ASNaN, Inc.</td>
ASNaN, Inc</td>
ASNaN, LLC</td>
ASNaN, Inc.</td>
ASNaN, LLC</td>
ASNaN, Chiang</td>
ASNaN, Inc.</td>
ASNaN, Ltd</td>
ASNaN, Co., Ltd</td>
ASNaN, Inc.</td>
ASNaN, Sole Proprietorship</td>
ASNaN, LLC</td>
ASNaN, Inc.</td>
ASNaN, LLC</td>
ASNaN, Inc.</td>
ASNaN, LLC</td>
ASNaN, AB</td>
ASNaN, Inc.</td>