AS42,"""WoodyNet", Inc."
AS49,National Institute of Standards and Technology
AS112,AS112 Project
AS174,"""Cogent Communications", LLC"
AS187,DNScast
AS209,Lumen (ex. Qwest)
AS237,Merit Network Inc.
AS260,"""GTT Americas", LLC"
AS714,Apple Inc.
AS955,LSHIY LLC
AS1002,Bytefilter LLC
AS1050,Onvox LLC
AS1149,SURF B.V.
AS1248,HERE Global BV
AS1273,Vodafone Group PLC
AS1508,U.S. Army Research Lab - H-root
AS1647,Interop Technologies
AS1921,ipcom GmbH
AS1958,NCR Voyix Corporation
AS1975,PROQUEST LLC
AS2047,Hoffmann - La Roche Ltd.
AS2149,Cogent - C-root
AS2484,AFNIC (Association Francaise pour le Nommage Internet...
AS2497,Internet Initiative Japan Inc.
AS2559,VISA INTERNATIONAL SERVICE ASSOCIATION
AS2635,"""Automattic", Inc"
AS2727,"""Electric Plant Board of the City of Glasgow", Kentucky"
AS3215,Orange S.A.
AS3223,Voxility LLP
AS3257,GTT Communications Inc.
AS3356,Lumen (Level 3)
AS3462,HiNet (Chunghwa Telecom)
AS3549,Lumen (fka. Global Crossing)
AS3557,ISC - F-root
AS3643,Sprint
AS3819,EdgePrizm
AS4181,TDS TELECOM
AS4455,IX Reach Ltd
AS4466,"""AT&T Enterprises", LLC"
AS4515,PCCW IMS Ltd (PCCW Business Internet Access)
AS4538,China Education and Research Network Center
AS4739,Internode Pty Ltd
AS4749,WiseTechGlobal Pty Ltd
AS4755,TATA Communications (formerly VSNL)
AS4780,Digital United Inc.
AS4847,China Telecom Beijing Province Network
AS4892,"""APPLIED SYSTEMS", INC"
AS4901,The George Washington University
AS5416,BEYON B.S.C.
AS5650,Frontier Communications
AS5696,Express Scripts Incorporated
AS5927,United States Department of Defense (DoD)
AS6185,Apple Inc.
AS6507,"""Riot Games", Inc"
AS6619,SamsungSDS Inc.
AS6623,CBS Interactive Inc.
AS6939,Hurricane Electric LLC
AS6951,CreditCall Corporation
AS7029,Windstream Communications LLC
AS7280,Yahoo Holdings Inc.
AS7311,Frontier Networks Inc
AS7500,WIDE Project - M-root
AS7578,Global Secure Layer
AS7633,Software Technology Parks of India - Bangalore
AS7979,"""Servers.com", Inc."
AS8025,BrightNet Oklahoma
AS8038,"""6connect", Inc."
AS8068,Microsoft Corporation
AS8075,Microsoft Corporation
AS8119,Data Transmission Network Corporation
AS8220,COLT
AS8560,IONOS SE
AS8561,Knipp Medien und Kommunikation GmbH
AS8674,Netnod AB
AS8757,"""NSFOCUS", Inc."
AS9053,VSHosting s.r.o.
AS9179,BINK GROUP LTD
AS9327,Hopcount Limited
AS9417,Electricity Generation and Retail Corporation
AS9498,Bharti Airtel Ltd.
AS9808,China Mobile Backbone
AS9823,Pearson Group
AS9829,BSNL (Bharat Sanchar Nigam Ltd)
AS9924,"""Taiwan Fixed Network", Telco and Network Service Provider."
AS10104,BV K Computer
AS10122,NETSTAR (SG) PTE. LTD.
AS10158,Kakao Corp
AS10326,Worcester Polytechnic Institute
AS10461,Eze Castle Software LLC
AS10515,Verisign Anycast US 0Z
AS10753,"""Level 3 Parent", LLC"
AS10779,"""StepBroBD", Inc."
AS10796,Charter Communications Inc
AS10837,"""Wells Fargo Bank", N.A."
AS10879,Unitedhealthcare
AS10880,Yahoo Holdings Inc.
AS10886,University of Maryland
AS10906,Núcleo de Informação e Coordenação do Ponto BR - NIC.BR
AS10908,CloudfloorDNS
AS11019,"""HAProxy Technologies", Inc."
AS11045,"""Sterling Communications", Inc."
AS11048,DigitalStakeout
AS11138,BEK Communications Cooperative
AS11179,"""Aryaka Networks", Inc."
AS11251,Disney Streaming Services
AS11273,"""Fiserv Solutions", LLC"
AS11351,Charter Communications Inc
AS11358,Tennant Software
AS11374,"""Panterra Networks", Inc."
AS11426,Charter Communications Inc
AS11440,"""Netsville", Inc."
AS11644,Núcleo de Inf. e Coord. do Ponto BR - NIC.BR
AS11686,Zayo Bandwidth
AS11749,MPInet
AS11802,Centro de Informatica e Automacao do Estado de SC
AS12008,Vercara (f.k.a Neustar)
AS12041,"""Afilias", Inc."
AS12213,Centersquare
AS12488,Krystal Hosting Ltd
AS12567,GAIJIN NETWORK LTD
AS12654,RIPE NCC - RIS
AS12684,SES ASTRA S.A.
AS12996,Domeneshop AS
AS13150,CATO NETWORKS LTD
AS13238,YANDEX LLC
AS13331,MetaPeer
AS13335,"""Cloudflare", Inc."
AS13360,Triton Digital
AS13414,Twitter Inc.
AS13445,Cisco Webex LLC
AS13649,Flexential Colorado Corp.
AS13696,NetFuture Technology LLC
AS13713,Avago Technologies U.S. Inc.
AS13768,Aptum Technologies
AS13969,"""PROFESSIONAL MEDICAL MANAGEMENT", INC."
AS14079,"""Radio Toolbox", LLC"
AS14197,HEALTH MARKET SCIENCE
AS14259,Gtd Internet S.A.
AS14299,"""Automatic Data Processing", Inc."
AS14343,i2 Technologies Inc.
AS14413,LinkedIn Corporation
AS14537,Continent 8 LLC
AS14650,Núcleo de Inf. e Coord. do Ponto BR - NIC.BR
AS14717,EZE Castle Integration Inc.
AS14749,Russellville Electric Plant Board
AS14840,BR.DIGITAL
AS14877,"""FirstLight Fiber", Inc."
AS14907,Wikimedia Foundation Inc.
AS15169,Google LLC
AS15395,Rackspace Ltd.
AS15418,Fasthosts Internet Limited
AS15830,"""Equinix", Inc."
AS15967,Nazwa.pl Sp.z.o.o.
AS16050,Refinitiv Limited
AS16276,OVH SAS
AS16509,"""Amazon.com", Inc."
AS16552,Tiggee LLC
AS16591,Google Fiber Inc.
AS16645,"""EPIQ Systems", Inc"
AS16686,"""easyDNS Technologies", Inc."
AS16740,DOXX.NET CORPORATION
AS16839,"""SERVICENOW", INC."
AS16876,ICANN
AS16909,imput
AS17012,"""PayPal", Inc."
AS17069,Coop Telefonica Villa Gesell Ltda
AS17138,Matt Peterman Sole Proprietor
AS17275,Federal Home Loan Mortgage Corporation
AS17378,"""TierPoint", LLC"
AS17561,LARUS Limited
AS17817,Concentrix Daksh Services India Private Limited
AS17984,PCCW Global (HK) Ltd.
AS18229,CtrlS
AS18366,APNIC ANYCAST ASN
AS18367,Asia Pacific Network Information Centre
AS18368,APNIC ANYCAST ASN
AS18369,APNIC ANYCAST ASN
AS18535,"""Hoffmann LaRoche", Inc."
AS18723,Seagate Technology LLC
AS18944,AS18944 LLC
AS19021,BTC Broadband Inc.
AS19039,DurableDNS Inc
AS19054,Nath Network & Telecom Inc
AS19133,Bird Hosting Inc.
AS19171,Stargate Connections Inc.
AS19186,GMCHOSTING LLC
AS19254,"""Koch Industries", Inc."
AS19281,Quad9
AS19424,Cars Commerce
AS19527,Google LLC (Google Cloud)
AS19529,RFPT COMPANY LLC
AS19551,Incapsula Inc
AS19648,Corporation of the Presiding Bishop of the Church of ...
AS19679,"""Dropbox", Inc."
AS19836,Verisign Anycast US 2M
AS19855,"""Masergy Communications", Inc."
AS19901,Brightspeed
AS19905,"""Vercara", LLC"
AS19922,OASIS NETWORKS
AS19983,Global Technology Partners LLC
AS20021,"""Ntirety", Inc."
AS20077,IPNetZone
AS20144,ICANN - L-root
AS20326,TeraSwitch Networks Inc.
AS20385,AccessLine Communications Corp.
AS20473,"""The Constant Company", LLC"
AS20756,NAMESHIELD SAS
AS20940,Akamai International B.V.
AS21030,Docker LTD
AS21342,Akamai International B.V.
AS21556,NASA Ames Research Center - E-root
AS21750,CPOINT
AS21787,CERIDIAN
AS21859,Zenlayer Inc
AS21928,"""T-Mobile USA", Inc."
AS22169,"""Omnis Network", LLC"
AS22300,"""Wikia", Inc."
AS22356,Durand do Brasil Ltda
AS22390,XEROX CORPORATION
AS22649,CodingDirect LLC
AS22697,Roblox
AS22803,"""National Oilwell Varco", Inc."
AS22820,"""Cybera", Inc."
AS22843,"""Proofpoint", Inc."
AS22885,"""ADVERTISING SPECIALTY INSTITUTE", INC."
AS23013,Fortanix
AS23145,IBM
AS23149,"""BATH & BODY WORKS", INC."
AS23344,"""Disney Worldwide Services", Inc."
AS23347,ZYC Network LLC
AS23352,DEFT.COM
AS23393,NuCDN LLC
AS23428,ServerForge LLC
AS23467,New Relic
AS23473,PAVLOV MEDIA INC
AS23596,Korea Internet Security Agency
AS23724,China Telecom Beijing IDC Network
AS23854,Fairfax Media Limited
AS24013,SB Professional Services
AS24149,Internet Domain Name System Beijing Engineering Resra...
AS24151,China Internet Network Infomation Center
AS24334,Cyberport Hong Kong
AS24400,"""Shanghai Mobile Communications Co.",Ltd."
AS24406,China Internet Network Infomation Center
AS24409,China Internet Network Infomation Center
AS24429,Alibaba Cloud
AS24444,Shandong Mobile Communication Company Limited
AS24445,"""Henan Mobile Communications Co.",Ltd"
AS24482,SG.GS
AS24543,AS FIRST DATA ELECTRONIC tRANSACTION PROCESSOR SYDNEY
AS24547,Hebei Mobile Communication Company Limited
AS25098,Netcalibre Ltd
AS25111,Coloplast A/S
AS25152,RIPE NCC - K-root
AS25192,"""CZ.NIC", z.s.p.o."
AS25234,"""ACTIVE 24", s.r.o."
AS25354,Entidad Publica Empresarial Red.es
AS25773,RADWARE INC.
AS25921,LUS Fiber
AS25923,"""ChoicePoint", Inc."
AS26008,"""Akamai Technologies", Inc."
AS26073,"""Cofractal", Inc."
AS26277,ServerPoint.com
AS26710,ICANN
AS26984,Universal TelCom LLC
AS27357,Rackspace Hosting
AS27515,"""Workday", Inc."
AS27647,"""Weebly", Inc."
AS27651,ENTEL CHILE S.A.
AS27715,Locaweb Serviços de Internet S/A
AS27792,Wiltel Comunicaciones SA
AS27872,URBE - Universidad Dr. Rafael Belloso
AS27882,Telefónica Celular de Bolivia S.A.
AS27901,Pacifico Cable SPA.
AS27947,Telconet S.A
AS27948,CORPORACION NACIONAL DE TELECOMUNICACIONES - CNT EP
AS28180,DIGITRO TECNOLOGIA LTDA.
AS28248,BRB - Banco de Brasília S/A
AS28369,SIGNALLINK INFORMATICA LTDA
AS28583,RuralWeb Telecomunicações Ltda
AS28614,Fundacao Universidade Regional de Blumenau
AS28649,Desktop Sigmanet Comunicação Multimídia SA
AS28656,Blink Telecom
AS28753,Leaseweb Deutschland GmbH
AS29085,Porsche Informatik Gesellschaft m.b.H
AS29216,Netnod - I-root
AS29478,Karl Dyson
AS29522,Cyber_Folks S.A.
AS29729,Teleflora LLC
AS29789,"""Reflected Networks", Inc."
AS29802,"""HIVELOCITY", Inc."
AS29832,Mettler-Toledo LLC
AS29894,South Central Rural Telecommunications Cooperative Inc.
AS29990,Xandr Inc.
AS29997,"""Vitalwerks Internet Solutions", LLC"
AS30081,CacheFly
AS30103,"""Zoom Video Communications", Inc"
AS30114,Decima LLC
AS30148,Sucuri
AS30219,"""Major League Baseball Advanced Media", LP"
AS30311,"""Disney Worldwide Services", Inc."
AS30456,Cosmic Global Networks
AS30539,Flowfinity Wireless Inc
AS30690,Kazehana Networks LLC
AS30811,Optimizely AB
AS30893,No ACK Group Holding AB
AS31079,Liberty Global Europe Holding B.V.
AS31529,DENIC eG
AS31898,Oracle Cloud
AS32035,Sangoma US Inc.
AS32040,Trenton Telephone Company
AS32133,Ting Fiber Inc.
AS32221,Baron Services
AS32244,"""Liquid Web", L.L.C"
AS32298,Centersquare
AS32338,Hostiserver Ltd
AS32708,LoadEdge Limited
AS32771,DNSimple Corporation
AS32787,Akamai (Prolexic)
AS32934,"""Facebook", Inc."
AS33039,Unify Media Ltd
AS33191,"""Notion Labs", Inc."
AS33438,Datum
AS33512,Gateway Processing Services
AS33905,Akamai International B.V.
AS34343,Eweka Internet Services B.V.
AS34655,JWE S.a r.l.
AS34879,"OOO """"Sovremennye setevye tekhnologii"""""
AS34939,NextDNS
AS35052,ACONET
AS35280,F5 Networks SARL
AS35415,Webzilla B.V.
AS35872,"""FreedomPay", Inc."
AS35873,"""Move Networks", inc."
AS36062,"""DoubleVerify", Inc."
AS36183,Akamai Technologies (Apple Private Relay)
AS36198,ZDM Network Solutions LLC (Erik Seidel)
AS36217,"""NetActuate", Inc"
AS36221,Esosoft Corporation
AS36231,"""Tempest Hosting", LLC"
AS36232,"""Nextgi", LLC."
AS36236,"""NetActuate", Inc"
AS36344,Virtuozzo Inc.
AS36351,IBM Cloud
AS36352,HostPapa
AS36444,"""Liquid Web", L.L.C"
AS36631,Verisign Anycast US 1A
AS36692,"""Cisco OpenDNS", LLC"
AS36780,ALSCO
AS37017,Edge connect (pty) Ltd
AS38136,Akari Networks
AS38332,.au Domain Administration Ltd
AS38345,Internet Domain Name System Beijing Engineering Resra...
AS38452,Leo Paper Group Manufacturing Limited
AS38719,Dreamscape Networks Limited
AS39572,DataWeb Global Group B.V.
AS39588,Mimecast Services Limited
AS39945,Nuspire Communications
AS39975,GoCodeIT Inc
AS40009,"""BitGravity", Inc."
AS40020,"""Farmers Telecommunications Cooperative", Inc."
AS40027,Netflix Streaming Services Inc.
AS40138,"""Mach Dilemma", LLC"
AS40165,"""Voxology Carrier Services", Inc."
AS40292,Cintas Corporation
AS40371,"""PROS", Inc."
AS40428,"""Pandora Media", LLC"
AS40509,"""Fly.io", Inc."
AS40539,"""Hosting Consulting", Inc"
AS40568,CIRA Canadian Internet Registration Authority Autorit...
AS40627,RingCentral Inc
AS40647,Verisign Anycast NL 0C
AS40663,IncogNet LLC
AS40676,Psychz Networks
AS40680,Protocol Labs
AS40806,GrapheneOS Foundation
AS40929,MoeDove
AS40934,Fortinet Inc.
AS40966,ZAO Web Hosting
AS41095,IPTP LTD
AS41135,Voxbone SA
AS41637,Hosting.de GmbH
AS41740,"Join-stock company """"Internet Exchange""""MSK-IX"""""
AS41954,Anverino Software SRL
AS41992,Si2 Datakonsult HB
AS42198,"""Jurassic Innovations", LLC"
AS42214,Network Services Ltd.
AS42354,Anexia Cloud Solutions GmbH
AS42385,"Join-stock company """"Internet Exchange""""MSK-IX"""""
AS42388,Anexia Cloud Solutions GmbH
AS42465,Forcepoint UK Limited
AS42612,DinaHosting S.L.
AS42649,Baffin Bay Networks AB
AS42692,Overweb Srl
AS42909,Community DNS Limited
AS43211,Noavaran Fan Avazeh Co. PJS
AS43298,Storm Networks LLC
AS43391,Netdirekt A.S.
AS43515,Google Ireland Limited
AS43519,Nominet UK
AS43534,Network Merchants Limited
AS43927,HOSTERION SRL
AS44239,proinity GmbH
AS44273,Host Europe GmbH
AS44709,O.M.C. COMPUTERS & COMMUNICATIONS LTD
AS44788,Criteo Technology SAS
AS44932,Fannavaran-e Idea Pardaz-e Saba PJSC
AS45090,Tencent Cloud
AS45102,"""Alibaba (US) Technology Co.", Ltd."
AS45474,NEXUSGUARD LIMITED
AS45513,Samespace India Pvt. Ltd.
AS45526,"""UGAM SOLUTIONS PVT LTD","
AS45758,Triple T Broadband Public Company Limited
AS45820,Tata Teleservices ISP
AS45838,Anticlockwise Pty Ltd
AS46181,"""BCI Mississippi Broadband",LLC"
AS46475,"""Limestone Networks", Inc."
AS46723,Unlabeled LLC
AS46735,"""Certigo", Inc"
AS46844,Sharktech
AS47037,ScoutDNS
AS47242,Host SpA
AS47581,NSFOCUS Technologies UK Limited
AS47583,Hostinger International Limited
AS47689,"""Pudu", LLC"
AS48053,Foundation of Research and Technology Hellas
AS48231,"""CRE Network", LLC"
AS48254,20i Limited
AS48283,Stichting Internet Domeinregistratie Nederland
AS48285,TRISOPTERUS LTD
AS48447,Sectigo Limited
AS48448,Embark Studios AB
AS48519,Knipp Medien und Kommunikation GmbH
AS48707,AS48707 OPS PL sp. z o.o.
AS48851,Radware Ltd
AS48925,VibeGAMES B.V.
AS49287,Melbikomas UAB
AS49544,i3D.net B.V
AS49959,ReadSpeaker AB
AS50069,"""Misaka Network", Inc."
AS50224,MTRL GROUP LIMITED
AS50245,Serverel Inc.
AS50246,360 Treasury Systems AG
AS50385,HaloCloud Network Limited
AS50611,Knipp Medien und Kommunikation GmbH
AS50756,Mikrofinansovaya organizaciya Robocash.kz LLP
AS50827,SpaceDump IT AB
AS51044,Kazuki Yamaguchi
AS51115,HLL LLC
AS51185,MainStreaming SpA
AS51790,"""SIEL", d.o.o."
AS51966,Fondation RESTENA
AS52025,ParadoxNetworks Limited
AS52224,LACNIC - Latin American and Caribbean IP address
AS52234,NIC Chile
AS52304,NIC Chile
AS52468,UFINET PANAMA S.A.
AS52580,Azion Technologies Ltda.
AS52620,BRASIL NORTE BEBIDAS S/A
AS52795,ONE TELECOM TELECOMUNICACOES LTDA
AS52844,Teracom Telemática SA.
AS53007,Volvo do Brasil Veículos Ltda.
AS53017,REDE NOVO TEMPO DE COMUNICAÇÃO
AS53020,IDT Brasil Telecomunicações Ltda.
AS53292,ManagedWay
AS53332,"""C2Hosting", LLC"
AS53334,"""Total Uptime Technologies", LLC"
AS53343,sc Network
AS53535,ARIN Operations
AS53589,PlanetHoster
AS53595,Oshkosh Corporation
AS53598,National Jewish Medical and Research Center Corporation
AS53618,"""Aditya Birla Minacs Worldwide", Inc."
AS53667,FranTech Solutions
AS53699,Panamax Inc
AS53828,"""NETWORK INNOVATIONS", LLC"
AS53831,"""Squarespace", Inc."
AS53847,Cedexis Inc
AS54113,"""Fastly", Inc."
AS54148,Dynamic Quantum Networks
AS54266,"""ABC Financial Services", Inc."
AS54290,Hostwinds LLC.
AS54406,Convermax Corp
AS54456,"""CloudAccess.net", LLC"
AS54466,"""ISSQUARED", Inc."
AS54528,"""Richie Software USA", Inc."
AS54720,Global IP Networks INC
AS54825,Equinix Metal (Packet.net)
AS54990,1337 Services LLC
AS54994,Meteverse Limited
AS55002,"""F5", Inc."
AS55195,CIRA Canadian Internet Registration Authority Autorit...
AS55219,"""Cisco Systems", Inc."
AS55256,Netskope Inc
AS55532,Squiz Pty Ltd
AS55542,Roads and Maritime Services
AS55967,"""Beijing Baidu Netcom Science and Technology Co.", Ltd."
AS56041,China Mobile Group Zhejiang Company
AS56044,China Mobile Group Liaoning Company
AS56045,China Mobile communications corporation
AS56046,China Mobile Jiangsu Province Network
AS56048,China Mobile Group Beijing Company
AS56147,Creative Communication Vietnam Joint Stock Company
AS56908,Netnod AB
AS57138,Mullvad DNS (LOCIX LIMITED)
AS57352,Federal State Unitary Enterprise Rossiya Segodnya Int...
AS57382,Telecommunication Tokelau Corporation Teletok
AS57629,LLC IVI.RU
AS57724,DDOS-GUARD LTD
AS57910,"""Soluciones Corporativas IP", SL"
AS57926,"""SafeDNS", Inc."
AS57976,"""Blizzard Entertainment", Inc"
AS58057,Securebit AG
AS58182,Wix.com Ltd.
AS58811,CONAC (China Organizational Name Administration Center)
AS58867,SG.GS Anycast AS
AS59188,IndianOil Corporation Limited
AS59238,"""Innovative Extremist Co.", Ltd."
AS59245,G-Core Labs S.A
AS59692,IQWeb FZ-LLC
AS59796,StormWall s.r.o.
AS60068,Datacamp Limited (CDN77 / DataPacket)
AS60217,Beyond.pl sp. z o.o.
AS60423,E-Money Net Developers 24 Company Private Joint Stock
AS60592,Gransy s.r.o.
AS60679,Freedom Registry BV
AS60725,SES ASTRA S.A.
AS60781,LeaseWeb Netherlands B.V.
AS60819,Safenames Ltd.
AS60890,CentralNic Ltd
AS60900,Adrian Trifonov trading as Ssmidge Technologies
AS60924,Orixcom Limited
AS60952,Connex Carrier Services (Worldwide) Limited
AS61005,OpenTLD BV
AS61007,OpenTLD BV
AS61126,Lee Valentine
AS61165,Mountiela Services LLC
AS61317,Hivelocity LLC
AS61455,LACTLD - LATIN AMERICAN AND CARIBBEAN TLD ASSOCIATION
AS61569,Tribunal Regional Federal da 1a Regiao
AS61803,Provedor Corporativo Internet Ltda
AS61881,UNIMED PORTO ALEGRE COOPERATIVA MEDICA LTDA
AS62153,DotIdea Solutions Inc
AS62406,DNScale OU
AS62597,NSONE Inc
AS62610,Zenlayer Inc
AS62642,"""Bigleaf Networks", Inc."
AS62659,"""Q2 Software", Inc."
AS62695,"""Verso Networks", Inc."
AS62821,MNX Solutions LLC
AS63023,GTHost
AS63103,Ochsner Clinic Foundation
AS63113,Globecorp Networks
AS63135,"""Tabor College", Inc."
AS63199,"""CDS Global Cloud Co.", Ltd"
AS63325,"""Carriage Services", Inc."
AS63330,Emily Cooperative Telephone Company
AS63341,"""ROKI America Co.", Ltd."
AS63363,Tucows.com Co.
AS63399,"""Dialpad", Inc."
AS63911,"""NetActuate", Inc"
AS64011,APNIC ASN block
AS64089,"""DNSFilter", Inc."
AS64199,TCPShield
AS132203,Tencent
AS132647,Pengelola Nama Domain Internet Indonesia
AS133050,CNCNA Pty Ltd
AS133096,MOTHERSHIP
AS133175,OZtell
AS133262,Tracmail I Pvt Ltd
AS133275,Gigantic Infotel Pvt Ltd
AS133504,PAOCLOUD
AS133775,Xiamen
AS133800,PT Biznet Gio Nusantara
AS134094,"""Serverfield Co.", Ltd."
AS134963,Alibaba Cloud (Singapore) Private Limited
AS135354,NAVER BUSINESS PLATFORM ASIA PACIFIC PTE. LTD.
AS135629,Ningxia West Cloud Data Technology Co.Ltd.
AS135990,Everest Global Joint Stock Company
AS136133,SQUIXA PTY LIMITED
AS136165,X4B DDoS Protected Announcements
AS136787,PacketHub S.A.
AS136907,Huawei Cloud
AS136934,Bank Of Ceylon
AS137409,GSL Networks Pty LTD
AS137785,"""CACloud Services (Shanghai) Co.", Ltd."
AS138210,Bankstown Sports Club
AS139070,Google Cloud Korea
AS139299,FGHRSH STUDIO
AS139341,WeChat/QQ CDN
AS140033,INDIAN INSTITUTE OF TECHNOLOGY BHILAI
AS140070,Adelaide Oval SMA Ltd
AS140614,"""ASIA-ISP CO.", LIMITED"
AS141288,National Institute Of Science Education And Research ...
AS141383,VERGE CLOUD PRIVATE LIMITED
AS141995,Contabo Asia Private Limited
AS142052,Mempool Space K.K.
AS142057,eMudhra Limited
AS142269,KINA BANK
AS142283,AUSTRALIAN LAMB (COLAC) PTY LTD
AS146806,"""Beijing Yunlian Interactive Technology Co.", Ltd."
AS147008,Shenzhen Dianjiang Technology Co Ltd
AS148000,National Knowledge Network
AS149194,Airtel Digital Limited
AS149511,"""Yamu Technologies Co.", Ltd."
AS149614,TRANSACTION SOLUTIONS INTERNATIONAL INDIA PRIVATE LIMITED
AS149834,COMPUTERS NOW PTY LTD a/t/f The Trustee for COMPUTERS...
AS149981,Legend Dynasty Pte. Ltd.
AS150289,Sun Yanzheng
AS151113,VERITY KNOWLEDGE SOLUTIONS PRIVATE LIMITED
AS151194,Zhu Yucheng
AS151325,TP Western Odisha Distribution Limited
AS151332,CoinJar Pty Ltd
AS151336,Verge
AS151349,Yuki Network Ltd
AS151361,THE CUBICLEREBELS PTE LTD
AS151397,China Telecom
AS151485,CEYLON ELECTRICITY BOARD
AS152162,5centsCDN Inc
AS152594,NA
AS152899,REDSTAR GLOBAL TIMOR LDA
AS153371,BACK WAVES LIMITED
AS153467,Glen Eira City Council
AS153725,Tenonet (Hangzhou) Co Ltd
AS154204,Shine Effort Inc Limited
AS197000,RIPE NCC - Anycast DNS
AS197440,dot IT ccTLD anycast
AS197640,"""Overplay", Inc"
AS197946,Amnpardaz Soft Corporation
AS197997,RegisterBG Ltd
AS198147,Telecommunication Tokelau Corporation Teletok
AS198301,Workday Limited
AS198412,RAGE4 NETWORKS POLSKA SPOLKA Z OGRANICZONA ODPOWIEDZI...
AS198554,8X8 UK Limited
AS198734,Bojin Li
AS198949,Radware
AS199289,Kobalt ApS
AS199330,CentralNic Ltd
AS199524,Gcore S.A.
AS199535,Bet Invest LTD
AS199610,marbis GmbH
AS199805,UGO LLC
AS199816,Luna.nl B.V.
AS199918,Wilton Arthur Poth
AS199993,Associacao DNS.PT
AS200070,"""CZ.NIC", z.s.p.o."
AS200201,Tomasz Kepczynski
AS200242,Ember Ana
AS200315,NetConnect Innovations LLC
AS200325,Bunny.net
AS200393,Klett IT GmbH
AS200455,HOTARU NETWORK LTD.
AS200510,Kiwazo CommV
AS200853,Yifan Li
AS200904,FOXCLOUD LLP
AS200950,Lyratris Limited
AS201188,BJT PARTNERS SAS
AS201216,Lolo Company AB
AS201303,CentralNic Ltd
AS201304,CentralNic Ltd
AS201589,"""""EDGEAM"""" LLC"
AS201595,mono solutions ApS
AS201612,nic.at GmbH
AS201839,Zaymer PJSC
AS201910,Pragma Security SASU
AS202269,BitCommand LLC
AS202319,Hezardastan Unit Cloud Computing PJSC
AS202422,G-Core Labs S.A.
AS202540,Christopher Stephens
AS202673,Ohz Digital S.L.
AS202687,Mainloop AB
AS202986,Lukas Tautz
AS203043,Tirastel GmbH
AS203314,HATS NETWORK INC.
AS203391,Cloud DNS Ltd
AS203472,PENG YUJEN
AS203504,Tomas Freitas Fernandes
AS203755,ITGLOBAL.COM NL B.V.
AS203961,CentralNic Ltd
AS203969,YMC AG
AS204055,CentralNic Ltd
AS204135,LEMARIT GmbH
AS204487,Fabio Tomas
AS204535,Tan Kok Feng
AS204789,BIZBETA LTD
AS204898,OOO Avantelecom
AS204903,FLASHSTART GROUP SRL
AS204946,ABSOLUTE GUFF LTD
AS205008,HUANG JUNQI
AS205157,Daniel Cid
AS205184,Adjust GmbH
AS205282,Tilda Publishing Ltd.
AS205369,LI YIRAN
AS205383,Rhys Perry
AS205398,Tyler OBrien
AS205585,Arvan Cloud CDN
AS205634,Prime Formation GmbH
AS205675,Hybrid Adtech GmbH
AS205794,JINZE YANG
AS205848,Dominik Pohl
AS206164,F.N.S. HOLDINGS LIMITED
AS206540,BEANSUMMERHOST NEXTGEN SHED HOSTING SOLUTIONS LLC
AS206653,Biocad JSC
AS206980,AntiDDoS Solutions LLC
AS206998,NEW RELIC INTERNATIONAL LIMITED
AS207003,Web1 Oy
AS207021,ipcom GmbH
AS207071,Joshua Jones
AS207104,"""""BiZone"""" LLC"
AS207266,Identity Digital Limited
AS207333,"LLP """"Kompaniya Hoster.KZ"""""
AS207353,Ruform LLC
AS207414,Ganawa Juanah
AS207419,Richard Marino
AS207529,LOLINYA TECHNOLOGY LTD
AS207543,DOWNUNDER GEOSOLUTIONS (LONDON) PTY LIMITED
AS207893,Tech Futures Interactive Inc.
AS207908,Maria Felicitas Annika Merkel
AS207941,JITEN PATHY
AS208006,ARVANCLOUD GLOBAL TECHNOLOGIES L.L.C
AS208045,Domeneshop AS
AS208059,Hermann Lienstromberg
AS208140,Elm Company PJS
AS208223,SHU-HAO TUNG
AS208260,Daniel Stocker
AS208366,Stefan Pattberg trading as DENIC Services GmbH & Co. KG
AS208398,Edge Technology Plus (Yandex)
AS208414,"""WEDOS Internet", a.s."
AS208626,ServTech LTD
AS208754,XingRui Li
AS208759,nzt.ventures GmbH
AS208800,G42 CLOUD TECHNOLOGY L.L.C.
AS208915,HYPERLXC MEDICAL LTD
AS209199,Cloud Unboxed Limited
AS209242,Cloudflare BYOIP Customers
AS209297,NICHI YOROZUYA LTD
AS209299,Ambientia Group Oy
AS209306,Jin Shaohai
AS209403,Net Stack Ltd
AS209453,Gandi LiveDNS Anycast
AS209510,NAMESHIELD SAS
AS209622,uPress Inc
AS209626,Enflow B.V.
AS209650,Wu Zhiyuan
AS209671,Qrator Labs CZ s.r.o.
AS209854,Cyberzone S.A.
AS210004,Stichting Internet Domeinregistratie Nederland
AS210250,K Media Tech Ltd.
AS210352,Yijia Xu
AS210562,WURZELLOS LLC
AS210600,"PJSC """"Seligdar"""""
AS210667,Adam Goodenough
AS210727,Buy Limited
AS210753,Tilda Publishing JSC
AS210756,EdgeCenter LLC
AS211072,MFI INVESTMENTS LIMITED
AS211112,Qrator Technologies FZ-LLC
AS211358,Patrizio Palumbo
AS211757,Panascais ehf.
AS212196,Daniel Piekacz
AS212217,BB-Online UK Ltd
AS212294,Basel Al-Sayeh
AS212772,AdGuard Software Limited
AS212788,Edge Network Technologies Ltd
AS212895,Johannes Ernst
AS212934,Accuris Technologies Ltd.
AS212982,Lu Wang
AS213119,ALZ Software Ltd
AS213120,Akamai International B.V.
AS213231,CELKO LIMITED
AS213430,HSIANG-LI CHAN
AS213550,Jon Radel
AS213605,Liu HaoRan
AS213606,Jose Luis Monserrat Alburquenque
AS213625,Xuluo Chen
AS213768,Thomas Neumann
AS213798,Jude Gabriel Powell
AS214030,Kai-Wen Zheng
AS214040,RUNNAN WEN
AS214079,LendNodes LTD
AS214080,Transparent Edge Services S.L.
AS214405,Eyeo GmbH
AS214503,QuxLabs AB
AS214618,Hack The Box Ltd
AS214675,Hidenori Matsuo
AS214696,Uncollapse LLC
AS214720,MoeDove LLC
AS214731,ETO Networks Limited
AS214757,Jakub Krsa
AS214781,Rapid Solutions ApS
AS214955,Weikang Zeng
AS214987,VibeGAMES B.V.
AS215265,Lie Hu
AS215467,Skhron OU
AS215527,Xero Networks LTD
AS215540,GLOBAL CONNECTIVITY SOLUTIONS LLP
AS215764,Ismael Munoz Hernandez
AS215828,"Tizian Maxime Weigt trading as """"TMW Global Networks"""""
AS215842,Erwin Paal
AS216056,Jingqiu Xu
AS216107,Noah van der Aa trading as Frumentum Media
AS216108,Technology Transfer Intercontinental S.R.L
AS216126,James Ledger
AS216206,Aphrodite Group Ltd
AS216324,Hyper Group Network Ltd.
AS216393,Synapt ApS
AS262687,Screen Saver Informática LTDA
AS263118,Celulose Nipo-Brasileira S.A - CENIBRA
AS263546,TURBONETT TELECOMUNICACOES LTDA. - ME
AS263639,AMAZONAS TRIBUNAL DE JUSTICA
AS264363,Unimed de Bauru - Cooperativa de Trabalho Medico
AS264798,Secretaria Legal y Tecnica
AS265171,SITELBRA LTDA
AS266444,GoCache / 3L CLOUD
AS267630,UNIVERSIDADE ESTADUAL DO MARANHÃO
AS268976,Weclix Telecom S/A
AS269454,FABIO F BARBOSA
AS269607,SERGIPE MINISTERIO PUBLICO
AS270034,AKY TELECOM SPA
AS270807,Bella Janela Ind. de Cortinas Ltda.
AS270860,Mundial Central de Comércio e Serviços Eirelli
AS271814,NEXTNET SAC
AS271967,TURBONET S.A.
AS272809,"""THUNDERNET", C.A."
AS272913,MEGALINK S.R.L.
AS273584,NuvemShop
AS274116,CTV CHICLIN E.I.R.L.
AS328126,Orange Tunisie
AS328486,Old Mutual Life Assurance Company (South Africa) Limited
AS328608,Africa on Cloud
AS328974,Datonet (Pty) Ltd
AS329002,Pan African IX Data Centres Kenya Ltd
AS329524,ZANZIBAR CABLE TELEVISION LIMITED
AS393312,TELEFLEX INCORPORATED
AS393467,BOLT Fiber Optic Services
AS393518,"""ClaimRemedi", Inc."
AS393781,"""Helm Group", Inc."
AS393792,"""2600hz", Inc"
AS393818,Tucows.com Co.
AS394089,Google LLC
AS394187,ERR_AS_NAME_NOT_FOUND
AS394225,"""Grand Telephone Company", Inc."
AS394256,Tech Futures Interactive Inc.
AS394353,USC/ISI - B-root
AS394354,Canadian Internet Registration Authority
AS394646,"""Eagle Eye Networks", Inc"
AS395126,"""Beck's Superior Hybrids", Inc."
AS395363,"""Infoblox", Inc."
AS395409,Neocities
AS395637,"""Roush Fenway Keselowski Racing", LLC"
AS395696,Intoxalock
AS395747,"""Cloudflare", Inc."
AS395831,Meraki LLC
AS396002,TeleVoIPs
AS396163,"""My Digital Shield", Inc."
AS396367,"""Canadian Tire Corporation", LTD"
AS396417,"""Salesforce", Inc."
AS396486,Conseil scolaire de district catholique du Centre-Est...
AS396501,CIRA Canadian Internet Registration Authority Autorit...
AS396549,Verisign Anycast GB 0A
AS396566,Verisign Anycast NL 0L
AS396654,Verisign Anycast US 2K
AS396970,"""CommandLink", LLC"
AS396982,Google Cloud Platform
AS396986,"""Bytedance", Inc. (TikTok)"
AS396998,"""Path Network", Inc."
AS397197,Verisign Anycast DE 0E
AS397203,Verisign Anycast US 2U
AS397273,Render
AS397444,Overkill Interbuzz LLC
AS397493,"""Ninecloud Services", Inc."
AS397849,ZOHO
AS398291,"""Phreesia", Inc."
AS398367,Lite Speed Technologies Inc.
AS398385,"""PhotoShelter", Inc."
AS398549,Zero Attack Vector LLC
AS398787,"""GoDaddy.com", LLC"
AS398962,CONTROLD INC.
AS398987,PhirePhly Design
AS398999,Sucura Networks Inc
AS399077,Tcloudnet
AS399159,"""Vercara", LLC"
AS399161,"""Vercara", LLC"
AS399182,FICTIONPRESS INC.
AS399288,WEATHERTAP INCORPORATED
AS399358,"""Anthropic", PBC"
AS399454,Global Linking Solutions
AS399561,"""Right Connection", Inc."
AS399566,Bigcommerce Inc.
AS399647,Rumble USA Inc.
AS399678,Carrier Corporation
AS399827,"""2pifi", Inc"
AS400138,"""Databento", Inc."
AS400196,Netskrt
AS400519,Developed Methods LLC
AS400588,Ville de Longueuil
AS400797,Ping Identity Corporation
AS400940,Railway
AS401253,City of Gulfport
AS401320,"""Globaliser", Inc."
AS401408,"""Salad Technologies", Inc."
AS401442,Spur Intelligence Corporation
AS401510,"""IMG Academy", LLC"
AS401645,Softoria LLC
AS401736,Project Daylily
AS401782,"""Boku", Inc."
AS401824,Coritan LLC