AS92,Clarkson University
AS174,"""Cogent Communications", LLC"
AS209,Lumen (ex. Qwest)
AS375,Tietoevry Oyj
AS833,Spearware Networks LLC
AS835,GoCodeIT Inc
AS906,DMIT Cloud Services
AS912,Hut 8 Mining Corp.
AS917,"""Misaka Network", Inc."
AS924,Cloudie Networks LLC
AS931,Hyonix
AS945,HAONAN YANG
AS951,ioHarbor
AS952,"""Hop", Inc"
AS963,N963 PTE. LTD.
AS964,"""IonSwitch NW", LLC"
AS984,Octopus Web Solution Inc.
AS1002,Bytefilter LLC
AS1100,Nuday Networks Inc.
AS1680,Cellcom Fixed Line Communication L.P
AS1759,Telia Finland Oyj
AS1764,Next Layer Telecommunications
AS1820,WNET TELECOM USA Corp.
AS1836,green.ch AG
AS2107,ARNES
AS2118,Reliable Communications s.r.o.
AS2514,"""NTT PC Communications", Inc."
AS2516,KDDI Corporation
AS2764,AAPT Limited
AS3164,Astimp IT Solution SRL
AS3170,VeloxServ Communications Ltd
AS3188,Alastyr Telekomunikasyon A.S.
AS3213,Bogons Ltd
AS3214,xTom GmbH
AS3223,Voxility LLP
AS3236,SERVER.UA LLC
AS3255,Ukrainian Academic and Research Network
AS3280,ENGINYRING EUROPE SRL
AS3281,2CLOUD SIA
AS3462,HiNet (Chunghwa Telecom)
AS3842,"""InMotion Hosting", Inc."
AS3920,PUSHPKT OU
AS4134,China Telecom Backbone
AS4213,Krypt Technologies
AS4382,PT Indonusa System Integrator Prima
AS4434,PT Rahajasa Media Internet
AS4455,IX Reach Ltd
AS4618,Internet Thailand Company Limited
AS4637,Telstra Global
AS4648,Spark New Zealand
AS4651,The Communications Authority of Thailand (CAT)
AS4694,IDC Frontier Inc.
AS4766,Korea Telecom
AS4809,China Telecom Next Generation Carrier Network
AS4811,China Telecom Shanghai IDC Network
AS4816,China Telecom (Group)
AS4826,Vocus Connect International Backbone
AS4837,China Unicom Backbone
AS4851,Host Networks
AS5048,FIBERNET Corp.
AS5065,Bunny Communications
AS5404,conova communications GmbH
AS5411,Tietoevry Oyj
AS5413,Wavenet Limited
AS5517,CSL Computer Service Langenbach GmbH
AS5518,SIA Tet
AS5538,Institute of Mathematics and Computer Science of University of Latvia
AS5539,SpaceNet AG
AS5552,Redcentric Solutions Ltd
AS5577,root SA
AS6142,Oracle Cloud Infrastructure US Government
AS6364,"""Atlantic.net", Inc."
AS6424,EDGOO NETWORKS
AS6517,LAKENETWORKS
AS6539,Bell Canada
AS6667,Elisa Oyj
AS6681,GIVEME CLOUD SP Z O O
AS6698,Virtual Systems LLC
AS6702,"Science Production Company """"Trifle"""" Ltd."
AS6724,Strato GmbH
AS6747,SIA Tet
AS6786,Cronon GmbH
AS6848,Telenet BV
AS6878,T-Systems International GmbH
AS6893,"""Saitis Network", N.Desir"
AS6939,Hurricane Electric LLC
AS7040,Netminders Server Hosting
AS7162,Scala Data Centers / UNIVERSO ONLINE S/A
AS7195,EdgeUno
AS7203,"""Leaseweb USA", Inc."
AS7354,"""DediOutlet", LLC"
AS7489,HostUS
AS7506,"""GMO Internet Group", Inc."
AS7529,NetIRD Inc.
AS7540,HongKong Commercial Internet Exchange
AS7629,"""Vitro", Inc."
AS7671,NTT SmartConnect Corporation
AS7684,SAKURA Internet Inc.
AS7713,PT Telkom Indonesia Tbk
AS7720,Skywolf Technology LLC
AS7859,pair Networks
AS7954,"""Immense Networks", LLC"
AS7979,"""Servers.com", Inc."
AS8075,Microsoft Corporation
AS8100,QuadraNet Enterprises LLC
AS8143,Neburst LLC
AS8194,Latvia State Radio and Television Centre
AS8220,COLT
AS8280,SYNAPSECOM S.A. Provider of Telecommunications and In...
AS8283,Netwerkvereniging Coloclue
AS8285,Versija SIA
AS8298,IPng Networks GmbH
AS8304,Ecritel SASU
AS8315,Accenture B. V.
AS8342,JSC RTComm.RU
AS8375,Telehouse Deutschland GmbH
AS8423,NetcoRR Synergies SRL
AS8426,Claranet Limited
AS8452,Telecom Egypt
AS8469,CANCOM Managed Services GmbH
AS8473,Bahnhof AB
AS8495,INTERNET AG Global Network
AS8554,TAS France SAS
AS8560,IONOS SE
AS8622,TEAM BLUE INTERNET SERVICES UK LIMITED
AS8676,PRT Systems Limited
AS8739,ICDSoft Ltd.
AS8751,MEDIA SAT SRL
AS8758,Iway AG
AS8796,FASTNET DATA INC
AS8818,Tusass A/S
AS8823,Rockenstein AG
AS8829,ElmoNet Oy
AS8839,SdV-Plurimedia
AS8849,Melbikomas UAB
AS8851,GCI Network Solutions Limited
AS8859,OSN Online Service Nuernberg GmbH
AS8860,Delta HighTech Ltd.
AS8873,Alexander Wagberg trading as Wberg Networks
AS8888,xTom Pty Ltd
AS8893,Artfiles New Media GmbH
AS8916,Portfast Ltd
AS8943,Jump Networks Ltd
AS8987,Amazon Gov Cloud
AS9002,RETN Limited
AS9009,M247 Europe SRL
AS9028,OHOST LLC
AS9031,EDPNET Belgium BV
AS9036,Neuronnexion SCOP
AS9063,VSE NET GmbH
AS9100,CONVOTIS Swiss Cloud AG
AS9123,"JSC """"TIMEWEB"""""
AS9136,WOBCOM GmbH
AS9145,EWE TEL GmbH
AS9186,"""ONITELECOM - INFOCOMUNICACOES", S.A."
AS9211,Nawork Internet Informationssysteme GmbH
AS9268,Over The Wire Pty Ltd
AS9312,xTom
AS9370,SAKURA Internet Inc.
AS9371,SAKURA Internet Inc.
AS9394,China TieTong Telecommunications Corporation
AS9505,Taiwan Internet Gateway
AS9583,Sify Limited
AS9607,"""BroadBand Tower", Inc."
AS9678,HostingInside LTD.
AS9723,iseek Communications Pty Ltd
AS9794,PT Core Mediatech
AS9808,China Mobile Backbone
AS9891,CS LOXINFO Public Company Limited.
AS9929,CHINA UNICOM Industrial Internet Backbone
AS10099,China Unicom Global
AS10195,HAIonNet
AS10212,China Enterprise ICT Solutions Limited
AS10217,PT NTT Indonesia
AS10242,US Internet Corp
AS10733,"""SBA EDGE BRASIL INTERNET", LTDA"
AS11117,"""Nuyek", LLC"
AS11161,DigitalVirt LLC
AS11320,LightEdge Solutions
AS11362,Vector Data Systems LLC
AS11721,StylenTech LLC
AS11753,"""Elevated MSP", LLC"
AS11775,"""Clougix", LLC"
AS11805,Ennwise
AS11878,"""tzulo", inc."
AS11967,Hop179 LLC
AS11990,"""Unlimited Net", LLC"
AS12167,LightWave Networks
AS12186,GVVME
AS12200,Rackspace Hosting
AS12290,Exonetric Consulting Ltd
AS12306,Plus.line AG
AS12312,ecotel communication ag
AS12362,Euris Health Cloud SAS
AS12399,q.beyond AG
AS12417,Plus Hosting Grupa d.o.o.
AS12431,SYBCOM GmbH
AS12488,Krystal Hosting Ltd
AS12519,FastNet International Ltd
AS12552,GlobalConnect (IP-Only)
AS12586,GHOSTnet GmbH
AS12601,Cegedim.Cloud SASU
AS12611,R-KOM Regensburger
AS12637,Seeweb s.r.l.
AS12676,HKN GmbH
AS12695,LLC Digital Network
AS12731,IPHH Internet Port Hamburg GmbH
AS12759,SOCO Network Solutions
AS12775,JPC Infonet Ltd
AS12807,Orange Business Services SA
AS12826,CYLLENE ITS SAS
AS12850,Retelit Digital Services S.p.A.
AS12859,BIT BV
AS12876,Scaleway
AS12886,LEW TelNet GmbH
AS12941,intersaar GmbH
AS12993,Delska Latvia
AS12996,Domeneshop AS
AS13009,Redcentric Solutions Ltd
AS13034,SOLOCAL
AS13039,Global Village GmbH
AS13101,TNG Stadtnetz GmbH
AS13135,Wieske's Crew GmbH
AS13182,Made Network Srl
AS13194,"UAB """"Bite Lietuva"""""
AS13213,UK-2 Limited
AS13342,Bardstown Internet Service Inc
AS13627,Ambyre LLC
AS13649,Flexential Colorado Corp.
AS13706,CompleteWeb.Net LLC
AS13737,"""Interconnecx", LLC"
AS13768,Aptum Technologies
AS13781,Hopkinsville Electric System
AS13830,PureVoltage Hosting Inc. (Nexril)
AS14061,DigitalOcean LLC
AS14131,DataYard
AS14315,"""1GSERVERS", LLC"
AS14371,Paul Bunyan Communications
AS14401,"""SolidNetwork Technologies", Inc."
AS14525,"""Stellar Technologies", LLC"
AS14544,Oracle Cloud Infrastructure Serbia
AS14576,Hosting Solution Ltd.
AS14586,"""Nuclearfallout Enterprises", Inc."
AS14618,"""Amazon.com", Inc."
AS14740,Magna5 MS LLC
AS14749,Russellville Electric Plant Board
AS14840,BR.DIGITAL
AS14847,"""Peck Servers", LLC"
AS15083,Infolink Global Corporation
AS15169,Google LLC
AS15287,"""EasyVM", LLC"
AS15353,Xentain Solutions Inc.
AS15366,DNS:NET Internet Service GmbH
AS15388,OMCnet Internet Service GmbH
AS15395,Rackspace Ltd.
AS15456,InterNetX GmbH
AS15510,Compuweb Communications Services Limited
AS15576,NTS workspace AG
AS15598,NorthC Deutschland GmbH
AS15699,"""Adam EcoTech", S.A"
AS15703,TrueFullstaq B.V.
AS15725,IKS Service GmbH
AS15817,Mittwald GmbH
AS15830,"""Equinix", Inc."
AS15879,Vancis IP B.V.
AS15943,wilhelm.tel GmbH
AS15987,Portunity GmbH
AS16082,Spitfire Network Services Limited
AS16086,DNA Oyj
AS16125,UAB Cherry Servers
AS16205,DSI GmbH Daten Service Informationssysteme
AS16247,M247 Ltd
AS16262,Datacheap LLC
AS16265,LeaseWeb Network B.V.
AS16276,OVH SAS
AS16298,Lubbers Box Telematica BV
AS16302,Suomi Communications Oy
AS16316,TMT GmbH & Co. KG
AS16353,Merula Limited
AS16391,Celito Communications Inc.
AS16509,"""Amazon.com", Inc."
AS16625,"""Akamai Technologies", Inc."
AS16805,"""DataPipe", Inc."
AS17185,Data102
AS17378,"""TierPoint", LLC"
AS17408,AboveNet Communications Taiwan
AS17494,Bangladesh Telegraph & Telephone Board
AS17621,China Unicom Shanghai network
AS17622,China Unicom Guangdong Province Network
AS17623,China Unicom Shenzhen network
AS17671,PT Jetcoms Netindo
AS17676,SoftBank Corp.
AS17739,"""Shanghai Telecom Haplink Network Co.", Ltd"
AS17806,Mango Teleservices
AS17816,China Unicom IP network China169 Guangdong province
AS17884,PT Uninet Media Sakti
AS17914,secured.gg Hosting LLC
AS18059,PT Dwi Tunggal Putra
AS18156,PT Bitnet Komunikasindo
AS18187,Ignite Telecommunications Inc
AS18242,"""Chengdu Information Harbor Co.", Ltd"
AS18243,"""5th Floor", Builidng 9, No.690 Bi Bo Road, Shanghai, China"
AS18250,GEEK NETWORKS PTY LIMITED
AS18345,Servers Australia Customers
AS18450,"""WebNX", Inc."
AS18526,"""DDPS Networks", LLC"
AS18739,AGENCIA MODERNA TECNOLOGIA LTDA.
AS18747,IFX Corporation
AS18779,EGIHosting
AS18978,Enzu Inc
AS19151,"""BroadbandONE", LLC"
AS19224,"""Quantum Services Group", LLC."
AS19318,"""Interserver", Inc"
AS19366,Fibertown Data Centers
AS19437,SECURED SERVERS LLC
AS19624,"""Data Room", Inc"
AS19795,"""Acoustic", L.P."
AS19853,OrangeHost
AS19871,"""Network Solutions", LLC"
AS19879,"""Propel Labs", LLC"
AS19969,CyberCloud Professionals LLC
AS19994,Rackspace Hosting
AS20054,Oracle Cloud (US Defense Cloud)
AS20248,"""Take 2 Hosting", Inc."
AS20278,"""Nexeon Technologies", Inc."
AS20326,TeraSwitch Networks Inc.
AS20454,SECURED SERVERS LLC
AS20473,"""The Constant Company", LLC"
AS20495,We Dare B.V.
AS20559,Fundaments B.V.
AS20647,IPB Internet Provider in Berlin GmbH
AS20655,e-Style ISP LLC
AS20694,NMMN GmbH
AS20712,Andrews & Arnold Ltd
AS20799,Datanet.co.uk Ltd
AS20853,eTOP sp. z o.o.
AS20857,TransIP B.V. (team.blue NL)
AS20860,IOMART CLOUD SERVICES LIMITED
AS20912,Panservice s.a.s. di Cuseo Fabrizio & C.
AS21060,Atea A/S
AS21069,METANET AG
AS21086,TeleMedia.net srl
AS21100,GREEN FLOID LLC
AS21263,TeleData GmbH
AS21396,NetConnex Broadband Ltd.
AS21409,Ikoula Net SAS
AS21473,PFALZKOM GmbH
AS21476,all-connect Data Communications GmbH
AS21499,Host Europe GmbH
AS21554,"""Wisconsin CyberLynk Network", Inc."
AS21574,Century Telecom Ltda
AS21581,M5 Computer Security
AS21700,"""Neptune Networks", LLC"
AS21738,Rozint
AS21859,Zenlayer Inc
AS21980,"""Dayco Telecom", C.A."
AS22296,Vorsk LLC
AS22302,"""INOC", LLC"
AS22439,"""Perfect International", Inc"
AS22576,"""DataPipe", Inc."
AS22611,"""InMotion Hosting", Inc."
AS22773,Cox Communications Inc.
AS22890,"""Nebraska Colocation Centers", LLC"
AS23033,Wowrack.com
AS23352,DEFT.COM
AS23470,ReliableSite.Net LLC
AS23471,ited Solutions
AS23507,AV SERVICES LLC
AS23576,NAVER Cloud Corp.
AS23693,PT. Telekomunikasi Selular
AS23699,PT IP Teknologi Komunikasi
AS23724,China Telecom Beijing IDC Network
AS23853,"""Shanghai Data Solution Co.", Ltd."
AS24195,PT Dhecyber Flow Indonesia
AS24206,Channel-11
AS24213,PT Arsen Kusuma Indonesia
AS24282,KAGOYA JAPAN Inc.
AS24400,"""Shanghai Mobile Communications Co.",Ltd."
AS24429,Alibaba Cloud
AS24532,PT Inet Global Indo
AS24592,ECONOCOM CLOUD SL
AS24642,Caveo Internet BV
AS24645,"""CSC Telecom", UAB"
AS24657,Dokumenta AG
AS24679,kyberio GmbH
AS24768,"""AlmourolTec", Lda"
AS24875,NovoServe B.V.
AS24889,Monzoon Networks AG
AS24916,Orbital Net Ltd
AS24940,Hetzner Online GmbH
AS24951,EveryWare AG
AS24961,WIIT AG (fka. myLoc Managed IT AG)
AS24971,MasterDC s.r.o.
AS25091,IP-Max SA
AS25098,Netcalibre Ltd
AS25108,IOMART MANAGED SERVICES LIMITED
AS25180,Exponential-E Ltd.
AS25198,INTERKVM HOST (ZetServers)
AS25220,equada network GmbH
AS25277,"""POSLuH d.o.o", za informaticke usluge i trgovinu"
AS25291,SysEleven GmbH
AS25369,Hydra Communications Ltd
AS25376,Netnorth Limited
AS25415,ADDIX GmbH
AS25455,Guardfox SRL
AS25456,Physical person-businessman Rostilo Sergey Alexandrovich
AS25459,Eurofiber Cloud Infra B.V.
AS25560,rh-tec Business GmbH
AS25575,Ledl.net GmbH & Co. KG
AS25581,GMG AG
AS25820,IT7 Networks Inc
AS26006,Exodo LLC
AS26042,"""FiberState", LLC"
AS26195,Cyberri Technologies Inc.
AS26277,ServerPoint.com
AS26347,"""New Dream Network", LLC"
AS26383,Baxet Group Inc.
AS26548,PureVoltage Hosting Inc.
AS26832,Rica Web Services
AS26863,Gameserverkings
AS26930,PureVoltage Hosting Inc.
AS27176,DataWagon LLC
AS27257,Webair Internet Development Company Inc.
AS27411,"""Leaseweb USA", Inc."
AS27656,Hybrid Datacenter
AS27715,Locaweb Serviços de Internet S/A
AS27845,Empresa de Recursos Tecnologicos S.A E.S.P
AS28177,NETWORKBRASIL Ltda.
AS28252,Worldnet Telecom Comunicações LTDA
AS28263,America-NET / Vero
AS28299,Kinghost / LWSA S/A
AS28329,SAMM  (G8/Megatelecom)
AS28513,UNINET
AS28676,WITCOM Wiesbadener Informations- und Telekommunikatio...
AS28701,vertical IT-Service GmbH
AS28725,CETIN a.s.
AS28747,Easyhost BVBA
AS28748,Marc Pauls (AlphaCron Datensysteme)
AS28753,Leaseweb Deutschland GmbH
AS28768,Alpilink Cloud S.A.S.
AS28792,Public Internet Ltd
AS28855,Octopuce s.a.r.l.
AS28889,LinzNet Internet Service Provider GmbH
AS28907,"""Internet Invest", Ltd."
AS28917,"""Fiord Networks", UAB"
AS29014,ScaleUp Technologies GmbH & Co. KG
AS29017,NTT Data Centers (Gyron)
AS29037,KEVAG Telekom GmbH
AS29056,Citycom Telekommunikation GmbH
AS29066,velia.net Internetdienste GmbH
AS29075,IELO-LIAZO SERVICES SAS
AS29097,Hostpoint AG
AS29119,AIRE NETWORKS DEL MEDITERRANEO SL UNIPERSONAL
AS29140,Hostserver GmbH
AS29141,Bradler & Krantz GmbH & Co. KG
AS29169,GANDI SAS
AS29182,JSC IOT
AS29208,"""Quantcom", a.s."
AS29222,Infomaniak Network SA
AS29226,MasterTel
AS29239,I-NetPartner GmbH
AS29243,Euronic Oy (fka MMD)
AS29452,Secura Hosting Ltd
AS29611,Elite Limited
AS29655,Trenka Informatik AG
AS29668,vXtream Ltd
AS29686,Jonas Frey trading as Probe Networks
AS29691,Nine Internet Solutions AG
AS29791,Internap Holding LLC
AS29802,"""HIVELOCITY", Inc."
AS29838,"""Atlantic Metro Communications II", Inc."
AS29863,"""Latisys-Denver", LLC"
AS29873,"""Newfold Digital", Inc."
AS30058,FDCservers.net
AS30148,Sucuri
AS30232,M3 Consulting LLC
AS30456,Cosmic Global Networks
AS30633,LeaseWeb USA / WDC-01
AS30781,Free Pro SAS
AS30791,za-internet GmbH
AS30823,aurologic GmbH
AS30844,Liquid Intelligent Technologies
AS30860,Virtual Systems LLC
AS30880,SpaceDump IT AB
AS30893,No ACK Group Holding AB
AS30938,ahbr company limited
AS30962,comtrance service GmbH
AS30986,Scancom Limited
AS31027,GlobalConnect A/S
AS31034,Aruba S.p.A.
AS31083,Telepoint Ltd
AS31103,Keyweb AG
AS31229,Beyond.pl sp. z o.o.
AS31298,Zulu Ltd.
AS31383,Computel Standby BV
AS31400,firstcolo GmbH
AS31424,Netrics AG
AS31463,Redcentric Solutions Ltd
AS31673,Uniserver Internet B.V.
AS31708,Coreix Ltd
AS31727,Node4 Limited
AS31786,PloxHost
AS31863,"""Centrilogic", Inc."
AS31898,Oracle Cloud
AS32002,RackGenius
AS32097,"""WholeSale Internet", Inc."
AS32181,GigeNET
AS32244,"""Liquid Web", L.L.C"
AS32338,Hostiserver Ltd
AS32475,Internap Holding LLC
AS32519,DMIT Cloud Services
AS32526,CatalystVM LLC
AS32582,"""600Amps Internet Services", Inc."
AS32613,Leaseweb Canada Inc.
AS32625,"""OFFSITE", LLC"
AS32751,"""Nuclearfallout Enterprises", Inc."
AS32780,"""Hosting Services", Inc."
AS33028,"""VEXXHOST", Inc."
AS33044,Megawire Inc.
AS33070,Rackspace Hosting
AS33132,Crown Castle Fiber LLC
AS33182,"""HostDime.com", Inc."
AS33185,Hive Data Center Inc.
AS33333,"""objx.net", LLC"
AS33387,"""Nocix", LLC"
AS33425,"""CoreWeave", Inc"
AS33554,Neutral Data Centers Corp.
AS33597,atlantic.net
AS33837,Fredrik Holmqvist
AS33846,Dataport AöR
AS33876,"""DMNS - DOMINIOS", S.A."
AS33911,HZONE SRL
AS33984,Surfplanet GmbH
AS33993,UFO Hosting LLC
AS34081,INCUBATEC GmbH - Srl
AS34088,Host Europe GmbH
AS34119,Wildcard UK Limited
AS34125,Bechtle Managed Service GmbH
AS34224,Neterra Ltd.
AS34259,"TOV """"Highload Systems"""""
AS34282,Team Blue Carrier Limited
AS34288,Kantonsschule Zug
AS34362,Terrakom d.o.o.
AS34372,VegaSystems GmbH & Co. KG
AS34373,XXLnet B.V.
AS34409,Polska Press Sp. z o.o.
AS34432,dogado GmbH
AS34442,BNW TECHNOLOGY LTD
AS34465,AS34465
AS34536,Newel Informatique
AS34549,meerfarbig GmbH & Co. KG
AS34624,Megaspace Internet Services GmbH
AS34660,Roebuck Group Limited
AS34665,Petersburg Internet Network ltd.
AS34689,Castlegem SRL
AS34762,Combell NV
AS34788,Neue Medien Muennich GmbH
AS34863,HEXANET SAS
AS34872,Servperso Systems
AS34895,hostNET Medien GmbH
AS34927,iFog GmbH
AS34931,Awareness Software Limited
AS34953,RelAix Networks GmbH
AS34968,iunxi B.V.
AS34971,CDLAN SpA
AS34979,39D Services LTD
AS35008,"""Kerfuffle", LLC"
AS35042,Layer7 Networks GmbH
AS35179,Korbank S. A.
AS35251,NetLab Global
AS35278,SPRINTHOST.RU LLC
AS35366,ISPpro Internet KG
AS35407,Santa Monica Networks SIA
AS35425,IOMART MANAGED SERVICES LIMITED
AS35478,Bunea TELECOM SRL
AS35625,Eurofiber France SAS
AS35661,VIRTUA SYSTEMS SAS
AS35667,Alpilink Cloud S.A.S.
AS35680,Volia-Cable LLC
AS35758,Rachamim Aviel Twito
AS35908,Krypt Technologies
AS35916,MULTACOM CORPORATION
AS36002,GoMami Networks
AS36231,"""Tempest Hosting", LLC"
AS36236,"""NetActuate", Inc"
AS36351,IBM Cloud
AS36352,HostPapa
AS36369,Limewave Communications
AS36530,IDC Cube
AS36791,Portland Internet Hosting LLC
AS36891,Icosnet SPA
AS36943,1 GRID (PTY) LTD
AS37153,Xneelo (Pty) Ltd
AS37497,Network Platforms (PTY) LTD
AS37611,Afrihost (Pty) Ltd
AS37640,Cape Connect Internet
AS37684,Angani Limited
AS37709,Cloud Temple Tunisia
AS37738,HOSTOWEB
AS37912,IPRIO Corporation.
AS37963,"""Hangzhou Alibaba Advertising Co.",Ltd."
AS37988,Alpha Layer Pty Ltd
AS37989,DCS1
AS38001,NewMedia Express Pte. Ltd.
AS38008,Aperture Science Limited
AS38136,Akari Networks
AS38493,Royal Green Online Ltd
AS38496,PT Cyber Network Indonesia
AS38676,flexnetworks
AS38767,PT Awan Media Semesta
AS38813,Emantra Pty Ltd
AS38927,Net-Build GmbH
AS39104,Oxeva SAS
AS39120,Convergenze S.p.A.
AS39122,Blacknight Internet Solutions Limited
AS39134,EDINAYA SET LIMITED LIABILITY COMPANY
AS39287,ab stract ltd
AS39351,31173 Services AB
AS39371,Acknowledge Benelux B.V.
AS39378,servinga GmbH
AS39384,"""Dream Fusion - IT Services", Lda"
AS39392,SH.cz s.r.o.
AS39409,Sebastian-Wilhelm Graf
AS39421,Sapinet SAS
AS39486,HostRoyale Technologies Pvt Ltd
AS39533,Asympto Networks Kft.
AS39537,SysGroup plc
AS39566,Smarthost sp. z o.o.
AS39570,Loopia AB
AS39572,DataWeb Global Group B.V.
AS39582,Vaultr Veri Merkezi Hizmetleri Anonim Sirketi
AS39591,Previder B.V.
AS39602,The Cent.re Group Limited
AS39603,P4 Sp. z o.o.
AS39605,Iguane Solutions SAS
AS39614,Dawico Deutschland GmbH
AS39618,HostCram LLC
AS39637,ADES BV
AS39686,Eurofiber Nederland BV
AS39699,Lounea Palvelut Oy
AS39702,S-IT Verwaltungs GmbH trading as S-IT Informationstec...
AS39737,Prime Telecom srl
AS39798,MivoCloud SRL
AS39845,2 Cloud Ltd.
AS39921,Rackspace Ltd.
AS39923,Unix-Solutions BV
AS39937,"""LTech Solutions", Ltd."
AS39967,"""Path Network", Inc."
AS40021,"""Contabo (Nubes", LLC)"
AS40065,CNSERVERS LLC
AS40081,"""Hexium Hosting", LLC"
AS40156,The Optimal Link Corporation
AS40244,Turnkey Internet Inc.
AS40279,ForestRacks
AS40395,VIRTBIZ Internet Services
AS40501,"""Colo IP Networks", LLC"
AS40509,"""Fly.io", Inc."
AS40663,IncogNet LLC
AS40676,Psychz Networks
AS40994,Alwyzon (Hohl IT)
AS41000,Freethought Internet Limited
AS41039,"""Timer", LLC"
AS41075,ATW Internet Kft.
AS41098,NetFox Ltd.
AS41108,comtrance service GmbH
AS41111,FAST GEO HOSTING S.R.L.
AS41281,KeFF Networks Ltd
AS41327,Fiber Telecom S.p.A.
AS41378,Kirino LLC
AS41480,Systemec BV
AS41495,Faelix Limited
AS41504,arcos informationssysteme GmbH
AS41608,"""NextGenWebs", S.L."
AS41634,Svea Hosting AB
AS41635,LIVEHOSTING DATACENTER SRL
AS41678,The Internet Business Ltd
AS41679,Cadence SIA
AS41683,Earth Telekomunikasyon Bilisim Internet Arge Yazilim ...
AS41720,Revolution Provider S.r.l.
AS41745,Baykov Ilya Sergeevich
AS41765,IPGarde SAS
AS41853,Limited Liability Company NTCOM
AS41887,Prolocation B.V.
AS41898,"SIA """"Datu Tehnologiju Grupa"""""
AS41960,Nextpertise B.V.
AS42093,InterRacks B.V.
AS42160,Datacenter United
AS42184,TKRZ Stadtwerke GmbH
AS42237,w1n ltd
AS42263,German Edge Cloud GmbH & Co. KG
AS42295,TBISS Ltd
AS42337,Respina Networks & Beyond PJSC
AS42346,NorthC Schweiz AG
AS42369,CORESYSTEM SASU
AS42447,EQU Technologies LLP
AS42473,Anexia Cloud Solutions GmbH
AS42503,Oktawave S.A.
AS42532,SIA VEESP
AS42567,MOJOHOST B.V.
AS42612,DinaHosting S.L.
AS42624,Global-Data System IT Corporation
AS42655,ON-LINE Ltd
AS42675,Obehosting AB
AS42695,Cleura AB
AS42708,Glesys AB
AS42730,EVANZO e-commerce GmbH
AS42831,UK Dedicated Servers Limited
AS42910,PremierDC Veri Merkezi Anonim Sirketi
AS43061,Stelkom d.o.o.
AS43065,Nordlo Sodra Norrland AB
AS43160,"""AVATEL TELECOM", SA"
AS43180,Trunk Networks LTD
AS43220,team.blue Norway
AS43289,Trabia SRL
AS43298,Storm Networks LLC
AS43317,SIA VEESP
AS43350,NForce Entertainment B.V.
AS43357,Owl Limited
AS43362,Hosting Ltd
AS43366,OSSO B.V.
AS43391,Netdirekt A.S.
AS43513,Sia Nano IT
AS43578,TEMPLUS BARCELONA S.L.
AS43588,iHost (IM Level 7)
AS43607,Florian Bach
AS43615,Corporate Solutions SIA
AS43641,SOLLUTIUM EU Sp z.o.o.
AS43669,Axia Computer Systems Limited
AS43861,Circle B B.V.
AS44066,firstcolo GmbH
AS44094,Webhost LLC
AS44103,The Mastermind Holding B.V.
AS44133,IPAX GmbH
AS44136,ODERLAND Webbhotell AB
AS44141,DEVCLIC SARL
AS44208,Farahoosh Dena PLC
AS44217,IQ Networks for Data and Internet Services Ltd
AS44222,Nuno Felgueiras
AS44324,MoeDove LLC
AS44356,Epsilon Telecommunications Ltd
AS44381,ITsjefen AS
AS44382,"""Fiba Cloud Operation Company", LLC"
AS44398,IT Relation A/S
AS44476,ZETTA HOSTING SOLUTIONS LLC.
AS44486,"Oliver Horscht is trading as """"SYNLINQ"""""
AS44504,Andy Davidson
AS44515,Advania Ísland ehf
AS44546,ALFA TELECOM s.r.o.
AS44592,SkyLink Data Center BV
AS44620,Netlen Internet Hizmetleri Ltd. Sti.
AS44684,Mythic Beasts Ltd
AS44700,Haendle & Korte GmbH
AS44714,SERVUDC VERI MERKEZI A.S.
AS44810,Vortixia Holdings Limited
AS44820,Denis Pavlovich Semenyuk
AS44901,Belcloud LTD
AS44922,Emre Erim trading as Medyabim Datacenter
AS44925,1984 ehf
AS44946,Dembach Goo Informatik GmbH & Co. KG
AS44949,Gigacodes GmbH
AS44973,Rechenzentrum Hassfurt GmbH
AS45012,dogado GmbH
AS45014,Nuco Technologies Ltd
AS45037,Propelin Consulting S.L.U.
AS45061,"""Shanghai Information Network Co.",Ltd."
AS45090,Tencent Cloud
AS45102,"""Alibaba (US) Technology Co.", Ltd."
AS45146,PT Raja Sepadan Abadi
AS45152,"""Zone Networks Pty Ltd", Managed Hosting Solutions"
AS45298,PT Interlink Technology
AS45324,PT Global Media Teknologi
AS45325,PT PC24 Telekomunikasi Indonesia
AS45352,IP ServerOne Solutions Sdn. Bhd.
AS45474,Nexusguard Pte. Ltd.
AS45477,AP TRANSIT PTE LTD
AS45577,Intervolve Pty Ltd
AS45634,Sparkstation Pte Ltd
AS45671,Servers Australia
AS45713,PT Dewata Telematika
AS45718,PT Juragan Online Solusi
AS45731,PT Ardh Global Indonesia
AS45753,Netsec Limited
AS45839,Shinjiru Technology Sdn Bhd
AS45899,VNPT Corp
AS45903,CMC Telecom Infrastructure Company
AS45974,NHNCLOUD
AS46050,PT JC Indonesia
AS46055,PT Roka Lane Asia
AS46261,"""QuickPacket", LLC"
AS46433,EBOUNDHOST.com
AS46475,"""Limestone Networks", Inc."
AS46505,NixiHost.com Incorporated
AS46606,Unified Layer
AS46652,"""DigitalOcean", LLC"
AS46824,NameCrane LLC
AS46841,"""Fork Networking", LLC"
AS46887,Crown Castle Fiber LLC
AS47055,Exohost Solutions
AS47138,PLANinterNET GmbH
AS47147,Anexia Cloud Solutions GmbH
AS47152,Francesco Ascione trading as FIBERSIX
AS47172,Greenhost BV
AS47215,dogado GmbH
AS47232,ISP Alliance a.s.
AS47272,HYEHOST LLC
AS47285,Patron Technology Persia Ltd
AS47376,Web Gostaran Bandar Company (PJS)
AS47447,23M GmbH
AS47480,Blue Tiger Solutions Limited
AS47526,handily networks GmbH
AS47527,DLX A/S
AS47536,PathConnect GmbH
AS47583,Hostinger International Limited
AS47638,Cadence Networks Ltd
AS47674,BlazingFast
AS47679,GROUPE NEOTECH SAS
AS47720,CORK INTERNET EXCHANGE LIMITED
AS47787,EDGOO NETWORKS UNIPESSOAL LDA
AS47836,SC Web Software Development SRL
AS47869,ColoHouse LLC
AS47890,UNMANAGED LTD
AS47987,Zemlyaniy Dmitro Leonidovich
AS48011,Turunc Smart Bilgisayar Teknoloji Ve Dis Ticaret Limi...
AS48014,Albanian Hosting SH.P.K.
AS48018,Fornex Hosting S.L.
AS48031,Ivanov Vitaliy Sergeevich
AS48070,DSM (GB) Limited
AS48090,TECHOFF SRV LIMITED
AS48108,VirtualDC (Dmitrii Vladimirovich Malkov)
AS48173,Orange Business Digital Germany GmbH
AS48200,Opteamax GmbH
AS48254,20i Limited
AS48266,Catixs Ltd
AS48282,Hosting technology LTD
AS48287,"JSC """"RU-CENTER"""""
AS48292,intibu
AS48314,IP-Projects GmbH & Co. KG
AS48430,Perviy TSOD LLC
AS48571,efectRO SRL
AS48596,InterNetworX Management GmbH
AS48618,Oulun DataCenter Oy
AS48635,CLDIN B.V.
AS48678,PENTECH BILISIM TEKNOLOJILERI SANAYI VE TICARET LIMIT...
AS48689,"""Webglobe", a.s."
AS48716,PS Internet Company LLP
AS48753,AVA HOST SRL
AS48825,Fast2host - Fast4networks Ltd
AS48854,team.blue Denmark (Zitcom)
AS48894,Optimus IT d.o.o.
AS48925,VibeGAMES B.V.
AS48927,ESEVEN DevOps GmbH
AS48971,DATAWIRE AG
AS49169,SC ETA2U SRL
AS49217,HOSTYPE LLC
AS49282,Verne Vantaa Oy
AS49434,FBW NETWORKS SAS
AS49447,Nice IT Services Group Inc.
AS49505,JSC Selectel
AS49515,DND Nordic AB
AS49532,Eonix Corporation
AS49544,i3D.net B.V
AS49581,Ferdinand Zink trading as Tube-Hosting
AS49585,CoreRoute UG
AS49635,CLOUDI NEXTGEN SL
AS49683,MASSIVEGRID LTD
AS49770,Internetport Sweden AB
AS49774,S.C. Interlink Banat S.R.L.
AS49788,Nexthop AS
AS49805,Berke FINCANCI
AS49870,Alsycon B.V.
AS49879,Dincer Isik trading as ISIK Bilgisayar Internet ve Ya...
AS49981,WorldStream B.V.
AS50053,Anton Levin
AS50056,Vorboss Limited
AS50113,FIRST SERVER LIMITED
AS50131,Spartan Host Ltd
AS50245,Serverel Inc.
AS50272,AVUR AS
AS50284,Goroshko Evgeniy Andreevich
AS50300,CustodianDC Limited
AS50304,Blix Solutions AS
AS50321,BYTES.ua
AS50338,GamerHost s.r.o.
AS50340,Selectel - Moscow
AS50391,DIVERGENT NETWORKS LTD
AS50392,LLC Campus Networks
AS50446,Datacampus SAS
AS50465,IQHost Ltd
AS50522,Sewan Nederland B.V.
AS50565,Muzaffer Guler
AS50599,DATASPACE P.S.A.
AS50613,Advania Ísland ehf (ThorDC)
AS50629,LWLcom GmbH
AS50655,ITS HOSTED
AS50673,Serverius Holding B.V.
AS50763,Robert McKay
AS50823,PBX Hosting Ltd
AS50867,HOSTKEY B.V.
AS50917,Diederik Focko de Zee
AS50926,"""AXARNET COMUNICACIONES", S.L."
AS50979,GREEN FLOID LLC
AS51048,WIFINITY LIMITED
AS51050,H4Hosting BV
AS51059,Brightbox Systems Ltd
AS51088,A2B IP B.V.
AS51167,Contabo GmbH
AS51202,NUXOA GmbH
AS51264,Kutumova Olena
AS51269,HEXATOM s.a.r.l.
AS51290,BARTOSZ WASZAK trading as HOSTEAM S.C. TOMASZ GROSZEW...
AS51311,Noisy Stream Oy
AS51392,Fusioned Ltd
AS51395,Datasource AG
AS51396,Pfcloud UG (haftungsbeschrankt)
AS51468,One.com A/S
AS51483,SaSG GmbH & Co. KG
AS51519,Karabro AB
AS51540,DAL Bilgi Teknolojileri ve Bilisim Sistemleri Tic. A.S.
AS51559,Netinternet Bilisim Teknolojileri AS
AS51692,Steven Smith trading as HyberHost
AS51701,Adminor Aktiebolag
AS51728,Seltimil Oy
AS51747,Internet Vikings International AB
AS51765,Oy Crea Nova Hosting Solution Ltd
AS51791,Remzi Toker trading as VENTURESDC Veri Merkezi Hizmetleri
AS51847,Nearoute Limited
AS51852,Private Layer INC
AS51895,Ingo Klein
AS51898,Ak Bulut Soft LLC
AS51945,ConnetU Ltd.
AS52000,MIRhosting B.V.
AS52025,ParadoxNetworks Limited
AS52041,"""Scaleblade", Ltd."
AS52073,I2SNETWORK SAS
AS52086,Osnova Data Net LLC
AS52112,Gentlent GmbH
AS52173,Sia Nano IT
AS52210,Accuris Technologies Ltd.
AS52361,ARSAT - Empresa Argentina de Soluciones Satelitales S.A.
AS52674,AVATO DATACENTER
AS52697,ERR_AS_NAME_NOT_FOUND
AS52799,ADENTRO TECNOLOGIA LTDA
AS53038,IDC19 - WDI SOLUCOES EM TEC INFORMACAO LTDA
AS53055,HostDime
AS53107,EVEO Serviços de Internet Ltda.
AS53243,Brasil Site Informatica LTDA
AS53264,"""SBA Edge", LLC"
AS53340,FiberHub (VegasNAP)
AS53356,Free Range Cloud Hosting Inc.
AS53616,Asymptote Network LLC
AS53636,Xerio
AS53667,FranTech Solutions
AS53724,ExtraVM LLC
AS53755,Input Output Flood LLC
AS53767,iCastCenter
AS53850,"""GorillaServers", Inc."
AS54133,UnmeteredInternet.com
AS54290,Hostwinds LLC.
AS54380,"""ThoughtWave Technologies", Inc."
AS54574,DMIT Cloud Services
AS54600,PEG TECH INC
AS54723,"""Midwest Data Center", Inc."
AS54825,Equinix Metal (Packet.net)
AS54945,"""RACK59 Partners", LLC"
AS55081,24 SHELLS
AS55293,"""A2 Hosting", Inc."
AS55470,Cyfuture India Pvt. Ltd.
AS55492,Dhaka Fiber Net Limited
AS55536,Pacswitch Globe Telecom Limited
AS55669,PT Maxindo Content Solution
AS55688,PT BEON Intermedia
AS55701,PT Usaha Adi Sanggoro
AS55803,Hostopia Australia Web Pty Ltd
AS55933,Cloudie Limited
AS55960,Beijing Guanghuan Xinwang Digital
AS55990,Huawei Cloud Service data center
AS56028,BTG Networks
AS56030,Voyager Internet Ltd.
AS56038,RackCorp
AS56040,China Mobile Group GuangDong Company
AS56046,China Mobile Jiangsu Province Network
AS56106,Zone Networks Pty Ltd
AS56150,Viet Solutions Services Trading Company Limited
AS56309,"""Siamdata Communication Co.",Ltd."
AS56322,ServerAstra Kft.
AS56381,level66.network UG (haftungsbeschraenkt)
AS56382,vServer.site LTD
AS56430,Chroot Network SRL
AS56457,FASTPATH IKE
AS56575,Stanislaw Nowacki trading as TEPSANET NOWACCY Sp. J.
AS56595,Fluency Communications Ltd
AS56611,REBA Communications BV
AS56630,Melbikomas UAB
AS56655,Gigahost AS
AS56665,Proximus Luxembourg S.A.
AS56851,PE Skurykhin Mukola Volodumurovuch
AS56958,Raiola Networks S.L.
AS56971,CGI GLOBAL LIMITED
AS56987,ABACLOUDA SAS
AS56990,Syscomm Limited
AS57043,HOSTKEY B.V.
AS57050,DreamServer S.R.L.
AS57073,LLC Wildberries
AS57152,TEKNET VERI MERKEZI HIZMETLERI A.S.
AS57169,EDIS GmbH
AS57344,Telehouse EAD
AS57358,IMT-Systems GmbH
AS57455,Filanco Ukraine Ltd.
AS57695,"""Misaka Network", Inc."
AS57717,FiberXpress BV
AS57758,CBWS Holding B.V.
AS57814,Cloud 9 Ltd.
AS57910,"""Soluciones Corporativas IP", SL"
AS57944,IP-Connect LLC
AS57974,Teracast Networks LLC
AS58003,Planeetta Internet Oy
AS58057,Securebit AG
AS58061,Scalaxy B.V.
AS58087,Florian Kolb
AS58212,dataforest GmbH
AS58269,CloudHosting SIA
AS58282,Statens IT
AS58291,ColoCenter b.v.
AS58294,Cloud Wall Ltd.
AS58299,Openfactory GmbH
AS58308,Cusae SAS
AS58329,servinga GmbH
AS58377,PT Sentra Niaga Solusindo
AS58381,PT Wowrack Indonesia Company
AS58397,PT Infinys System Indonesia
AS58404,PT Qwords Company International
AS58436,SECUREAX PTE LTD
AS58453,China Mobile International
AS58477,CV Argon Data Communication
AS58487,CV Rumahweb Indonesia
AS58495,PT Parsaoran Global Datatrans
AS58519,China Telecom Cloud
AS58593,Microsoft Azure China (Shanghai Blue Cloud)
AS58715,EARTH TELECOMMUNICATION (Pvt) LTD.
AS58717,Summit Communications Ltd
AS58750,Logic Plus
AS58820,PT APIK Media Inovasi
AS58854,Kaopu Cloud
AS58909,IBEE Software Solutions Pvt. Ltd.
AS58955,"""Bangmod Enterprise Co.", Ltd."
AS59065,"""PayPal Network Information Services (Shanghai) Co.", Ltd."
AS59077,Shanghai UCloud Information Technology Company Limited
AS59110,BPS Inc.
AS59134,PT Datacomm Diangraha
AS59135,PT Suraloka Digital Kreatif
AS59147,PT Drupadi Prima
AS59210,PhoenixNAP
AS59217,Azonne Limited
AS59238,"""Innovative Extremist Co.", Ltd."
AS59253,Leaseweb Singapore Pte. Ltd.
AS59279,PT Raja Mitra Informatika
AS59339,BLACKBIRD IT PTY LTD
AS59364,vHost Holdings Pte Ltd
AS59432,GINERNET S.L.
AS59441,NOAVARAN SHABAKEH SABZ MEHREGAN (Ltd.)
AS59455,Clearstream Technology ltd
AS59538,UPSTREAM NETWORK LTD
AS59554,Datacenter Groningen B.V.
AS59615,SIA Serverum
AS59658,"SIA """"Defendix"""""
AS59659,Securus Communications Ltd.
AS59678,SYSTEM36 LLC
AS59711,HZ Hosting Ltd
AS59778,Synextra Limited
AS59795,Lucas Rolff trading as PerfGrid
AS59891,FSIT AG
AS59895,Binary Racks Limited
AS59939,WIBO Baltic UAB
AS59943,Level 27 BVBA
AS60011,Mythic Beasts Ltd
AS60064,HOSTPALACE DATACENTERS LTD
AS60068,Datacamp Limited (CDN77 / DataPacket)
AS60077,Asre Dadeha Asiatech
AS60117,Host Sailor Ltd
AS60131,High5! B.V.
AS60144,3W Infra B.V.
AS60223,Netiface Limited
AS60318,VSELINK LLC
AS60330,Belarusian Cloud Technologies LLC
AS60404,The Infrastructure Group B.V.
AS60422,DLX A/S
AS60439,SERVERNET INTERNET LIMITED
AS60456,REVTELECOM GROUP SAS
AS60458,XNET CORE SL
AS60474,Securebit AG
AS60488,"""Tecnocratica Centro de Datos", S.L."
AS60502,01 SYSTEM SRL
AS60602,Inovare-Prim SRL
AS60610,Amito Ltd
AS60631,Vandad Vira Hooman LLC
AS60672,ServerChoice Ltd
AS60674,cupaco GmbH
AS60781,LeaseWeb Netherlands B.V.
AS60800,Netwise Hosting Ltd
AS60841,BerryByte Limited
AS60937,Savon ICT-palvelut Oy
AS60970,Herman IT Oy
AS61029,DODW Holding B.V.
AS61049,Exascale Ltd
AS61084,Mehmet Selim Sahin
AS61098,Exoscale (Akenes SA)
AS61108,eww ag
AS61112,AKILE LTD
AS61120,Hostbit SRL
AS61138,Zappie Host LLC
AS61157,PlusServer GmbH
AS61211,SETCOR d.o.o.
AS61218,4b42 UG
AS61272,"""Informacines sistemos ir technologijos", UAB"
AS61290,EDGOO NETWORKS UNIPESSOAL LDA
AS61337,Single Mode Networks Ltd
AS61340,Prog-It Oy
AS61354,"Limited Liability Company """"De Novo"""""
AS61395,sysops Finland Oy
AS61414,EDGENAP LTD
AS61451,WAVENET S.A.
AS61610,ELEA DATA CENTERS
AS61808,WEVY CLOUD
AS61976,Selectel - Novosibirsk
AS61998,SzerverPlex.hu KFT.
AS62000,SERVERD SAS
AS62005,BlueVPS OÜ
AS62068,SpectraIP B.V.
AS62081,Stowarzyszenie e-Poludnie
AS62082,Hostland LTD
AS62113,Kracon ApS
AS62119,root SAS
AS62199,Verne Global hf.
AS62212,SmartApe OU
AS62222,QuickSoft LLC
AS62240,Clouvider Limited
AS62282,UAB Delska Lithuania
AS62370,Snel.com B.V.
AS62512,Sandwich Internet Corp.
AS62513,GoCodeIT Inc
AS62553,"""Elcro Digital Services", LLC"
AS62563,GLOBALTELEHOST Corp.
AS62805,"""xTom.com", Inc."
AS62904,Eonix Corporation
AS62943,"""Missouri Network Alliance", LLC"
AS63018,Dedicated.com
AS63023,GTHost
AS63025,NOHAVPS LLC
AS63139,BEDGE CO LIMITED
AS63150,Bage Cloud LLC
AS63199,"""CDS Global Cloud Co.", Ltd"
AS63473,"""HostHatch", LLC"
AS63555,Beijing Beilong Yunhai Network Data Technology Corporation
AS63631,"""Guangdong Cloudbase Technology Co.", Ltd."
AS63647,Beijing WangJu Interworking Information Technology Co. LTD
AS63734,365 Online technology joint stock company
AS63737,VIETSERVER SERVICES TECHNOLOGY COMPANY LIMITED
AS63779,InfiniCloud Co. Ltd.
AS63930,Ready Server Pte. Ltd.
AS63949,Akamai (Linode)
AS63956,5G NETWORK OPERATIONS PTY LTD
AS64050,BGP Network Limited
AS64073,Vetta Online Ltd
AS64241,"""Wobscale Technologies", LLC"
AS64286,LogicWeb Inc.
AS64289,Macarne.com
AS64476,Shadow SAS
AS64487,Cas Ebbers trading as BroadcastFacilities
AS131149,"""Yuan-Jhen Info.", Co., Ltd"
AS131316,Slnet Hosting
AS131447,POPIDC powered by CSLoxinfo
AS131642,"""Pittqiao Network Information Co.",Ltd."
AS131657,"""Hong Da Storage Equipment Co.", Ltd."
AS131745,PT Cybertechtonic Pratama
AS131746,PT Medianusa Permana
AS131775,PT Jupiter Jala Arta
AS131866,Digital Edge Korea
AS131965,Xserver Inc.
AS132111,Bigband Sdn Bhd
AS132203,Tencent
AS132335,Leapswitch Networks Pvt. Ltd.
AS132372,GB Network Solutions Sdn. Bhd.
AS132644,PT Cyberindo Mega Persada
AS132653,PT Transdata Sejahtera
AS132859,TheDC Pty Ltd
AS132861,LAO DC IT SOLE COMPANY LIMITED
AS133159,Mammoth Media Pty Ltd
AS133210,EN Technologies Pte Ltd
AS133337,PT Menara Sinar Semesta
AS133380,Layerstack Limited
AS133398,Tele Asia Limited
AS133480,5G NETWORK OPERATIONS PTY LTD
AS133800,PT Biznet Gio Nusantara
AS134094,"""Serverfield Co.", Ltd."
AS134175,DingFeng XinHui
AS134196,"""ANYUN INTERNET TECHNOLOGY (HK) CO.",LIMITED"
AS134286,Net for Choice
AS134303,ZEACLOUD SERVICES PRIVATE LIMITED
AS134351,Leaseweb Japan K.K.
AS134451,NewMedia Express Pte Ltd
AS134496,Stelch
AS134677,Dromatics Systems Pte Ltd
AS134771,China Telecom Wenzhou IDC Network
AS134835,Starry Network Limited
AS135063,POP NIX COMPANY LIMITED
AS135069,Feenix Communications Limited
AS135328,Tangelo
AS135330,ADCDATA.COM
AS135370,PT Telematika Mitrakreasi
AS135377,UCLOUD INFORMATION TECHNOLOGY (HK) LIMITED
AS135391,"""Aofei Data International Co.", Ltd."
AS135444,PT Ikubaru Indonesia
AS135450,PT Berkah Solusi Teknologi Informasi
AS135636,PT RackH Lintas Asia
AS135682,Advika Web Developments Hosting Pvt Ltd
AS135905,Vietnam P&T
AS136047,Info Developers Pvt. Ltd.
AS136052,PT Cloud Hosting Indonesia
AS136102,PT Arupa Cloud Nusantara
AS136107,PT Tujuh Ion Indonesia
AS136170,PT Exabytes Network Indonesia
AS136188,China Telecom Ningbo IDC Network
AS136258,"""BrainStorm Network", Inc"
AS136402,Nautile SARL
AS136582,LIFTUP HOSTING PTY LTD
AS136620,Mythic Beasts Ltd (VMHaus)
AS136733,Racks Central Pte Ltd
AS136787,PacketHub S.A.
AS136824,PT RackH Lintas Asia
AS136845,PT APIK Media Inovasi
AS136851,PT Ardetamedia Global Komputindo
AS136861,PT Artamedia Citra Telematika Indonesia
AS136868,PT Terasys Virtual
AS136897,Enjoyvc Cloud Group Limited.
AS136907,Huawei Cloud
AS136933,Gigabitbank Global
AS136988,LEASEWEB AUSTRALIA PTY LIMITED
AS137286,PT Arupa Cloud Nusantara
AS137289,PT Sigma Cipta Caraka
AS137331,PT Cloud Teknologi Nusantara
AS137341,PT Wheehost Data Cloud
AS137352,PT Cloudata Indonesia
AS137373,PT Suiten Inovasi Sukses
AS137403,SALTSYNC
AS137409,GSL Networks Pty LTD
AS137690,China Telecom Zaozhuang IDC Network
AS138051,PT Sentra Data Persada
AS138062,PT Awan Kilat Semesta
AS138069,PT Citraweb Digital Multisolusi
AS138107,PT Virtual Data Centra Indonesia
AS138115,PT Deneva
AS138126,PT Newton Cipta Informatika
AS138131,CV Natanetwork Solution
AS138141,PT Waluya Istana Nusantara
AS138195,MOACK.Co.LTD
AS138358,Purple IT Ltd
AS138398,Prodigi Technology Services Limited
AS138421,China Unicom
AS138608,Cloud Host Pte Ltd
AS138865,PT Prima Nusantara Telekomunikasi
AS138866,PT Mitra Media Data
AS138868,CV Rumah Cloud Indonesia
AS138876,CV Saranaindo
AS138915,Kaopu Cloud HK Limited
AS138997,Eons Data Communications Limited
AS139057,Legend Dynasty Pte. Ltd.
AS139070,Google Cloud Korea
AS139300,FUTURE NETWORK
AS139400,PT Rak Super Ninja
AS139456,PT Dewaweb
AS139457,PT Semut Data Indonesia
AS139646,"""HONG KONG LIGHTLAYER TECHNOLOGY CO.", LIMITED"
AS139648,PacketStream Korea
AS139659,LUCIDACLOUD LIMITED
AS139901,Apple Communication Ltd.
AS139946,PT Teknologi Bumi Nusantara
AS139967,PT Yasmin Amanah Media
AS139989,CV Atha Media Prima
AS139995,PT Akashia Thuba Jaya
AS140068,Code For Host Inc Ltd
AS140096,"""JINX CO.", LIMITED"
AS140201,Rtel Internet Services Private Limited
AS140227,"""Hong Kong Communications International Co.", Limited"
AS140389,PT Dewa Bisnis Digital
AS140395,PT Radnet Digital Indonesia
AS140403,PT Graha Fatta
AS140442,PT Nusantara Teknologi Semesta
AS140443,PT Herza Digital Indonesia
AS140457,PT Ikhlas Cipta Teknologi
AS140543,"""ReadyDedis", LLC"
AS140599,COMFAC CORPORATION
AS140627,OneQode
AS140726,China Unicom AnHui Province Network
AS140810,Megacore Technology Company Limited
AS140885,FadedServers PTY LTD
AS140892,Auswide Services IT
AS140979,China Unicom Shanghai FuTe IDC network
AS141039,PacketHub S.A.
AS141057,PT Fokus Inovasi Faradisa Abadi
AS141070,PT Komputasi Awan Karya Anak Bangsa
AS141107,PT Linkgo Metro Teknologi
AS141120,PT Warna Data Multimedia
AS141309,Yaksh Enterprises
AS141431,Call 2 Phone Private Limited
AS141565,Puravi Elite Technologies Pvt. Ltd.
AS141584,PT Jetorbit Teknologi Indonesia
AS141602,PT Inovasi Teknologi Pintar
AS141892,CV Andhika Pratama Sanggoro
AS141968,PT Industri Kreatif Digital
AS141995,Contabo Asia Private Limited
AS142002,Scloud Pte Ltd
AS142019,GZ REMITTANCE (CHINA) INDUSTRY LIMITED
AS142036,Hosteons Pte. Ltd.
AS142045,Fiber Link
AS142299,"""CLOUDFOREST CO.", LTD."
AS142565,Bangmod Cloud Pte. Ltd.
AS142594,SpeedyPage Ltd
AS142616,"""Misaka Network", Inc."
AS146961,NEXET LIMITED
AS147049,PacketHub S.A.
AS147066,FASTTEL BROADBAND (PRIVATE) LIMITED
AS147124,PT Hostingan Awan Indonesia
AS147181,Flarezen Ltd.
AS147186,VCCL Cloud Private Limited
AS149020,WebHorizon Internet Services
AS149042,Silicon Cloud Global (US)
AS149340,PT Digital Hasanah Indonesia
AS149344,PT Dhoho Mitra Abadi
AS149391,PT Delta Awan Angkasa
AS149440,Evoxt Enterprise
AS149448,Singapore Data Cloud Pte. Ltd.
AS149513,SyCloud
AS149690,CV Ali Media Network
AS149910,PT Ding Kloud Indokarya
AS149948,PT Magna Network
AS149998,Goanna Networks
AS150156,99IT
AS150249,PT Atharva Telematika Persada
AS150315,Virtury Cloud Private Limited
AS150493,PT Gunung Sedayu Sentosa
AS150523,PT Ide Digital Inovatif
AS150623,HOSTDZIRE WEB SERVICES PRIVATE LIMITED
AS150828,Vmon Cloud Company Limited
AS150895,EZ TECHNOLOGY COMPANY LIMITED
AS150949,PT RumahNET Internusa
AS150978,CV Bekantan Jantan
AS151000,PT Awan Data Indonesia
AS151001,PT Hantamo Web Cepat
AS151151,Flexeere It Solutions Private Limited
AS151338,PoloNetwork Limited
AS151368,GOTMYHOST
AS151592,PT Awan Data Teknologi
AS151704,BHARAT DATACENTER
AS151873,TOTHOST SOLUTIONS AND TECHNOLOGIES COMPANY LIMITED
AS151964,ZGX PTY LTD
AS152194,CTG Server Limited
AS152390,PT Intercloud Digital Inovasi
AS152460,Greenhost BV
AS152565,JOY SERVICES
AS152586,Kuroit
AS152672,Aiyun (HK) Network
AS152699,Shockbyte Pty Ltd
AS152754,CV Cron Interdata Nusantara
AS152788,PT Altech Sistem Indonesia
AS152878,Luna
AS152900,Onidel Pty Ltd
AS153164,ASIA CLOUD HOSTING
AS153366,ADVPS SERVICES
AS153367,XENAX CLOUD INDIA PRIVATE LIMITED
AS153371,BACK WAVES LIMITED
AS153377,Extent Technologies Limited
AS153454,BYIO SINGAPORE PTE. LTD.
AS153473,FLEXHOSTING SERVICES
AS153871,PT Solusi Inovasi Bisnis
AS153985,PT Layanan Server Indonesia
AS153996,"""VP InfoTech Co.", Ltd."
AS153997,PROJECT ELIV
AS154173,Atfenix Data Centre Private Limited
AS154339,"""Zyn Data Technology Solutions Co.", Ltd."
AS154408,URLSTART
AS196752,Tilaa B.V.
AS197071,active 1 GmbH
AS197155,Artnet Sp. z o.o.
AS197216,Delta HighTech Ltd.
AS197226,"""""SPRINT"""" S.A."
AS197309,RS-Media LLC
AS197450,Sunucun Bilgi Iletisim Teknolojileri ve Ticaret Ltd. Sti.
AS197477,Moritz Mantel trading as Nerdscave
AS197483,SYSAD IT SERVICES SL
AS197518,Rackmarkt SL
AS197540,netcup GmbH
AS197649,JUAN PORRO FLORES
AS197731,The Internet Engineering Group B.V.
AS197795,ColdHosting SL
AS198037,SPACECORE SOLUTION LTD
AS198068,P.A.G.M. OU
AS198100,RIPE NCC ASN block
AS198154,Pars Abr Toseeh Ertebatat LTD
AS198160,NUXOA GmbH
AS198220,Datapipe Europe Ltd
AS198249,Ops One AG
AS198385,AlpineDC SA
AS198412,RAGE4 NETWORKS POLSKA SPOLKA Z OGRANICZONA ODPOWIEDZI...
AS198468,Gijsbertus Henricus van Gemert trading as DutchIS
AS198584,PIO-Hosting GmbH
AS198610,Beget LLC
AS198651,"""HOSTLINE", UAB"
AS198913,CONET Deutschland GmbH
AS198983,Joseph Hofmann trading as 'Tornado Datacenter GmbH & ...
AS199029,World Registry of Internet Domains LTD
AS199058,SERVA ONE LTD
AS199081,Lancom Ltd.
AS199087,KaseNet Oy
AS199118,Heinlein-Support GmbH
AS199231,Datalahti Oy
AS199246,ENARTIA Single Member S.A.
AS199297,Vyme SASU
AS199393,MAKEAPP CLOUD Ltd
AS199480,Alajärven Puhelinosuuskunta JAPO
AS199484,Euronet Telekomunikasyon A.S.
AS199524,Gcore S.A.
AS199610,marbis GmbH
AS199654,Oxide Group Limited
AS199695,PT Anym Network Indonesia
AS199699,GAMGROUP SRLS
AS199752,Go-Trex Holding BV
AS199900,Bedriftssystemer AS
AS199938,Netzwerge GmbH
AS199950,HJELM ENTERPRISES AB
AS199959,GWY IT PTY LTD
AS200000,Hosting Ukraine LTD
AS200019,ALEXHOST SRL
AS200052,Feral.io Ltd
AS200062,Optitrust GmbH
AS200088,Artnet Sp. z o.o.
AS200136,Association LibraHost
AS200193,ITM Yazilim Bilgisayar Sistemleri ve Danismanlik Tic....
AS200223,Lars Jannick Volkers trading as Etheron Hosting
AS200252,Chakavak Pardazesh Hooshmand Alborz
AS200303,LUMASERV
AS200350,Yandex.Cloud LLC
AS200435,Titan DataCenters France SAS
AS200461,Ian David Klemm
AS200462,"Lennart Seitz trading as """"ETH-Services"""""
AS200482,nexserv GmbH
AS200514,KnownSRV Ltd.
AS200628,BGO Cloud OOD
AS200636,Paravirt LTD
AS200651,FlokiNET ehf
AS200698,Globalhost d.o.o.
AS200740,First Server Limited
AS200851,Bamboozle Web Services MEA FZ-LLC
AS200904,FOXCLOUD LLP
AS200950,Lyratris Limited
AS201021,Ahmet Onur Guney trading as Onur Bilisim Ve Yazilim H...
AS201057,Multim Oy
AS201094,Mulgin Alexander Sergeevich
AS201112,Andrzej Erenc trading as awHost
AS201133,Verdina Ltd.
AS201178,Euronet Telekomunikasyon A.S.
AS201194,"""Nahor Hadish Design and Architecture Co.", Ltd"
AS201201,UAB Delska Lithuania
AS201217,RADISHCLOUD TECHNOLOGY LLC
AS201333,Naquadria S.R.L.
AS201401,NewVM B.V.
AS201409,HOSTSHIELD LTD
AS201525,HZ Hosting Ltd
AS201563,cyber_Folks d.o.o
AS201575,WORLDBUS (TradeZone)
AS201670,S.C. INFOTECH-GRUP S.R.L.
AS201692,Zoner Oy
AS201798,Bogons Ltd
AS201814,MEVSPACE sp. z o.o.
AS201964,Domainkeskus Oy
AS201971,CreeperHost LTD
AS201983,Ansluten Hosting i Sverige AB
AS202015,HZ Hosting Ltd
AS202032,GOLINE SA
AS202053,UpCloud Ltd
AS202054,"""GRUPO SYS4NET", S.L."
AS202221,Lailio Solutions SIA
AS202297,Skylon Solutions Limited
AS202306,HOSTGLOBAL.PLUS LTD
AS202359,AS207960 Cyfyngedig
AS202365,Chronos
AS202422,G-Core Labs S.A.
AS202425,IP Volume inc
AS202448,MVPS LTD
AS202458,Timothe Ember
AS202468,Noyan Abr Arvan Co. ( Private Joint Stock)
AS202509,Cloud City Oy
AS202602,Greencloud LLC
AS202635,Server Farm LLC
AS202656,Ivanov Vitaliy Sergeevich
AS202662,Hytron Network Services Limited
AS202673,Ohz Digital S.L.
AS202675,Keliweb S.R.L
AS202954,Rapiddot Hosting Services Ltd
AS202963,Master-Integration Ltd
AS202984,Team-Host (Chernyshov Aleksandr Aleksandrovich)
AS203003,Magna Capax Finland Oy
AS203020,HostRoyale Technologies Pvt Ltd
AS203184,FNZ HOLDINGS UK LIMITED
AS203280,Jose Antonio Vazquez Quian
AS203315,Web Wiz Ltd
AS203321,100 DERECE BILISIM A.S.
AS203329,NTT Global Data Centers EMEA GmbH
AS203339,TAB.DIGITAL (SIA Network Operations Center)
AS203363,Kuroit Limited
AS203380,DA International Group Ltd.
AS203446,SMARTNET LIMITED
AS203470,Ezrinix LLC
AS203511,OZBAY BILISIM INTERNET HIZMETLERI LIMITED SIRKETI
AS203557,SIA RixHost
AS203576,Onur Ekren
AS203629,SIBNET s.r.o.
AS203647,WORLDBUS (TradeZone)
AS203752,E-CAPS DOO
AS203758,EUGAMEHOST LTD
AS203866,Versija SIA
AS203939,"""Mosaic Data Services", Inc."
AS203968,aiticon GmbH
AS204035,oneCorp GmbH
AS204038,AD IT Systems GmbH
AS204094,"""I4W - Web Solutions", Lda"
AS204104,Giti Secure Cloud LLC
AS204136,Silent Ghost e.U.
AS204154,FIRST SERVER LIMITED
AS204333,Witalij Koweschnikow
AS204508,Gatterer Manuel trading as MLGT
AS204538,Kareby Hosting AB
AS204548,Kamatera Inc
AS204609,Comspot services Oy
AS204615,IP Fiber Inc
AS204631,VIVANET GmbH
AS204746,Bite Lithuania Cloud
AS204769,"""DigiRDP", LLC"
AS204770,UAB Cherry Servers
AS204779,Local Loop Oy
AS204844,NCSE NETWORK LTD
AS204880,"Stowarzyszenie """"Warszawski Hackerspace"""""
AS204914,LABIXE LTD
AS204917,Mi-Ja Javornik s.r.o.
AS204932,George Sgouridis trading as Friktoria.com - Data Cent...
AS204957,GREEN FLOID LLC
AS204983,Cyberfusion B.V.
AS205090,FIRST SERVER LIMITED
AS205125,Network Management Ltd
AS205196,BIG CORE LLC
AS205206,Netsite A/S
AS205275,ROMARG SRL
AS205436,Wintermute Technologies EHF
AS205544,Leaseweb UK Limited
AS205614,Medialine EuroTrade AG
AS205668,Green Mini host BV
AS205687,HiERO GmbH
AS205697,ALOJALIA CLOUD S.L.
AS205766,Jonas Pasche
AS205787,Public Cloud Ltd.
AS205804,Delta V Technologies Limited
AS205838,Ivory van Boeschoten trading as IVB Services
AS205897,HOSTOWEB LTD
AS205948,creoline GmbH
AS206033,Repox Labs Ltd
AS206075,Hollander & Jacobsen UG (haftungsbeschraenkt)
AS206170,Yelles AB
AS206216,Advin Services LLC
AS206264,Amarutu Technology Ltd
AS206362,Enreach (OSS Networks)
AS206446,Cloud Lease Ltd
AS206491,BANATSYNC SRL
AS206499,LOCIX LIMITED
AS206575,DATABOX d.o.o.
AS206582,CONTRUST SOLUTIONS S.R.L.
AS206628,Tianyu-Zhu
AS206634,Vatora Technologies Limited
AS206647,Arsan Technology Development Co Ltd
AS206804,EstNOC OU
AS206892,Rendszerinformatika Zrt.
AS206934,Beeks Financial Cloud Ltd
AS206971,Matheus Henrique
AS207003,Web1 Oy
AS207027,LLC Eximius
AS207083,HostSlim B.V.
AS207108,AH CLOUD LTD
AS207155,Stormnet Hosting LTD
AS207176,OPENFIBER B.V.
AS207252,Felix Gassan
AS207261,Luolakallio Oy
AS207279,Markahost
AS207350,Arshia Asadi
AS207408,servinga GmbH
AS207429,Kapteyan Bilisim Teknolojileri Sanayi ve Ticaret A.S
AS207449,LEBREUILLY Jeremy trading as Hostinity
AS207451,Ales Hruska
AS207459,TEKNOSOS BILISIM HIZMETLERI VE TIC. LTD. STI.
AS207537,Stefan Blomme
AS207567,Intezio Worldwide Limited
AS207569,I-SERVERS LTD
AS207590,loclix
AS207605,S.P.D. Hosting LTD
AS207619,HOSTART LLC
AS207656,Epinatura LLC
AS207695,Mario Kurz trading as LUME Solutions
AS207713,GLOBAL INTERNET SOLUTIONS LLC
AS207769,Association FIVEHOST
AS207872,OU CSC Telecom Estonia
AS207934,WNB A/S
AS207957,SERV.HOST GROUP LTD
AS207990,HostRoyale Technologies Pvt Ltd
AS207994,Blockchain Creek B.V.
AS208024,Ronald Agorsah trading as Alpenhost e.U.
AS208161,Pars Shabakeh Azarakhsh LLC
AS208183,Internetmanufaktur Karlsruhe UG (haftungsbeschraenkt)
AS208208,Marco Lingl trading as Cyberse GmbH & Co. KG
AS208220,Offerhost Solutions Inc
AS208226,OUIHEBERG SARL
AS208258,Access2.IT Group B.V.
AS208414,"""WEDOS Internet", a.s."
AS208440,GmhostGrupp OU
AS208453,Johan Karlsson (SweHosting)
AS208479,Connectis S.A.
AS208591,Aitire S.L
AS208621,LogicForge Limited
AS208636,SDC Hosting and Support Ltd
AS208677,"""""Cloud Technologies"""" LLC trading as Cloud.ru"
AS208711,Vyper Hosting Limited
AS208723,VDX SYSTEMS LTD
AS208753,Marco d'Angelo
AS208869,sharptech DA
AS208913,Kitsune Bilisim Sistemleri Bilgi Teknolojileri Yazili...
AS208959,SlashN Services Pte. Ltd.
AS208976,FS IT-Systeme GmbH
AS209045,Genesis Cloud Limited
AS209050,Digimagical GmbH
AS209097,NETSYST SAS
AS209101,IP Vendetta Inc.
AS209109,DataSphere (H.K) Limited
AS209181,Zenex 5ive Limited
AS209186,Kuznetsov Kirill Ivanovich
AS209199,Cloud Unboxed Limited
AS209214,Netheimur ehf.
AS209220,Ablative Hosting Ltd
AS209243,QuickHostUK Limited
AS209288,Nextpertise B.V.
AS209365,"""Brutalsys", S.L."
AS209372,WS Telecom Inc
AS209428,FBW NETWORKS SAS
AS209503,Zentyx Limited
AS209604,2E TELEKOMUNIKASYON LTD STI
AS209605,UAB Host Baltic
AS209628,MAZEN LLC
AS209641,I-SERVERS LTD
AS209710,SNRD NETWORKS LIMITED
AS209805,SBCLOUD LLC
AS209824,Georg Kroeber
AS209847,WorkTitans B.V.
AS209863,PROLVL Ltd.
AS209874,Tech Tide Portugal Unipessoal LDA
AS209898,ungleich glarus ag
AS209940,Silicon Farm SAS
AS210079,EuroByte LLC
AS210083,Privex Inc.
AS210213,Latvia State Radio and Television Centre
AS210226,Windcloud 4.0 GmbH
AS210356,KAUA REIS DA SILVA trading as BattleHost
AS210403,Groupe LWS SARL
AS210429,Hizakura B.V.
AS210508,Justifi Network LLP
AS210538,KEYUBU Internet ve Bilisim Tic. Ltd. Sti.
AS210558,1337 Services GmbH
AS210630,IncogNET LLC
AS210633,DevStorage UG (haftungsbeschraenkt) trading as DevSto...
AS210636,RIPE NCC ASN block
AS210644,Aéza International Limited
AS210697,SOMETHING SINGLE MEMBER P.C.
AS210715,Nik Rozman
AS210718,FIVE CYBER HOST SECURITY S.R.L.
AS210732,Alexandre FERNANDES (VUAFGROUP SAS)
AS210756,EdgeCenter LLC
AS210767,Link Host Ltd.
AS210920,"""Civo LTD - Frankfurt", DE"
AS210930,Lennmedia B.V.
AS210977,Triple Interactive B.V.
AS210985,Christopher Bishop
AS210993,SPACECORE SOLUTION LTD
AS211003,Finn Linsbauer
AS211033,Jose Poyato Prieto
AS211037,1Ago CommV
AS211056,Amir Hosein Maaref
AS211066,Simon Mariacher
AS211238,Dedicated Cyber Limited
AS211251,A1 Internet BV
AS211301,Collin Schneeweiss trading as Unesty Company
AS211333,HG-HOSTING SAS
AS211358,Patrizio Palumbo
AS211360,FEDERICO BOVE trading as HATHOST
AS211405,ELYON CLOUD LLC
AS211407,PT Perwira Media Solusi
AS211409,FoxiBytes LTD
AS211462,Andrei Tiberiu Holt
AS211552,Civo LTD - UK
AS211557,TAYNET TEKNOLOJI TICARET LIMITED SIRKETI
AS211588,Innovation Harbor B.V.
AS211617,Gabriel ARGENTIERI
AS211619,MAXKO d.o.o.
AS211642,AdminVPS OOO
AS211693,NolimitCloud s.r.o
AS211713,Connectium B.V.
AS211750,Stef Herman Anton Wolters trading as MC-Node
AS211759,Miku Network Technology Limited
AS211780,Cavansir Ramazanov
AS211785,TechLabItalia s.r.l.
AS211816,ERON X s.r.o.
AS211826,Istqrar for Servers Services Ltd
AS211954,Figuresware LLC
AS212000,Zeljko Rosic trading as 1337 Hosting Solutions e.U.
AS212027,PebbleHost Ltd
AS212047,Civo LTD - USA
AS212069,Hostixo Internet Bilisim Yazilim Hizmetleri Tic. ve S...
AS212077,Web Gostaran Shaina Shiraz LLC
AS212112,Novitskiy Vladislav Valerievich
AS212128,"LLC """"HORIZON"""""
AS212177,AIRBYTES COMMUNICATIONS Limited
AS212238,Datacamp Limited
AS212268,Nobins Pvt Ltd
AS212271,Cinzia Tocci trading as Lumanex Srl
AS212292,Mallory Caldera
AS212317,Hetzner Cloud - Hillsboro
AS212332,Agustina Sempere Ruiz trading as Thinco Telecom
AS212396,FyfeWeb Ltd
AS212440,Devguard GmbH
AS212477,RoyaleHosting B.V.
AS212496,SIA GOOD
AS212504,AdKyNet SAS
AS212508,Lowhosting services of Davide Gennari
AS212513,Osnet Telekomunikasyon Dis Ticaret Limited Sirketi
AS212514,SpanningNetworks AS
AS212607,Saeid Shahrokhi
AS212618,Xentain Solutions Inc.
AS212711,Daniel Terrence Thorpe
AS212806,VeloxServ Communications Ltd
AS212815,Dyjix SAS
AS212816,Cluster Power SRL
AS212872,Serverio technologijos MB
AS212911,TAB.DIGITAL (SIA Network Operations Center)
AS212913,FOP Hornostay Mykhaylo Ivanovych
AS212934,Accuris Technologies Ltd.
AS213035,Serverion
AS213115,MMITECH d.o.o.
AS213122,Krixe Pte. Ltd.
AS213166,UA-Hosting SIA
AS213220,Datacheap.ru (Delta Ltd)
AS213230,Hetzner Cloud - Ashburn
AS213243,OZGUR EFE YILANCI
AS213250,Dominic Scholz trading as ITP-Solutions GmbH & Co. KG
AS213252,Cenuta Telekomunikasyon Anonim Sirketi
AS213282,Ada Yuksek Teknoloji Limited Sirketi
AS213354,INTERNATIONAL HOSTING SOLUTIONS LLP
AS213373,IP Connect Inc
AS213382,Paul Flores (cubixserv)
AS213404,"""Suzhou Yesong Information Technology Co.", Ltd."
AS213426,Danny Lotz
AS213449,Jann-Ole Wagenaar
AS213482,Waterfall Technologies Ltd
AS213520,Senko Digital Ltd
AS213568,Muhammed Ali Yalcin
AS213654,ESA LIVA Bilgi Teknolojileri San. Ve Tic. LTD. STI
AS213683,Host.AL Shpk
AS213702,QWINS LTD
AS213768,Thomas Neumann
AS213796,Ahmet Cevik
AS213877,u1host ltd
AS213881,OUR Technology LLC
AS213887,WAIcore Ltd
AS213905,INYC HOLDING LIMITED
AS213920,FONSECA ALVES TECNOLOGIA LTDA
AS213929,UP-NETWORK Sarl
AS213958,Furkan Kasap
AS214041,Dokunmatik Ekran Teknolojileri Bilisim Insaat Tic. Lt...
AS214079,LendNodes LTD
AS214088,Hessam Isaei trading as Mahallat Network
AS214098,Horizon Hosting Limited
AS214132,3NV OU
AS214138,Julian Kempf trading as Host-Zentrum
AS214150,Prism Cloud LLC
AS214172,DePowered Limited
AS214196,Vladylsav Naumets
AS214199,Johnathan Hine
AS214206,Four Seasons Hosting LLC
AS214259,Reversed Hosting vof
AS214320,Sergei Saliukov
AS214340,Eduardo Denis Tanase
AS214360,TAB.DIGITAL (SIA Network Operations Center)
AS214361,Mizban Dadeh Pardazi Pasargad Ltd
AS214379,South Park Networks LLC
AS214441,LHY TECHNOLOGIES PRIVATE LIMITED
AS214449,VERA BYTE Telekomunikasyon Anonim Sirketi
AS214466,AE Olfe Teknoloji ve Ticaret Ltd. Şti.
AS214480,Innova Communications Limited
AS214481,Wojciech Czapkowicz
AS214515,Amir Mohammad Masoudi
AS214639,ITM NORD AS
AS214657,Bls Services Tecnologia em Software Ltda
AS214668,AxusHost B.V.
AS214677,Matteo Martelloni trading as DELUXHOST
AS214716,WEYRO LTD
AS214762,Sebastian Stefanek trading as MatHost.eu
AS214803,Baran Cirak
AS214828,"""StarLight Network", Inc."
AS214834,Rekade LTD
AS214882,Hadi Santosa
AS214902,Philip Fjaera trading as PFWeb Solutions
AS214913,Joel Reis da Conceicao trading as WebTejo
AS214915,Jan Smyrek
AS214922,FanAvaran Mihan Mizban PJSC
AS214929,Lukas Wenzl trading as LastResponse
AS214939,Bastivan Consulting SAS
AS214996,netcup GmbH - Manassas
AS215039,Nodesty LLC
AS215049,ORDI-NET SAS
AS215085,Maik Polman trading as PixelHosting
AS215101,HOSTLOCAL NETWORKS LTD
AS215114,Stevan Durand--L'Hours t/a SLBCLOUD
AS215140,Lucas ANSQUER
AS215142,Association By-Hoster
AS215144,RIPE NCC ASN block
AS215147,Schleyer-EDV UG
AS215232,Pan Maksym
AS215267,Efekan Rasit Zeybek
AS215273,Hexabyte AB
AS215310,Pfcloud UG (haftungsbeschrankt)
AS215314,Helou LLC
AS215353,Josef Hrabe
AS215355,ALICE NETWORKS LTD
AS215362,Promo Plus SRL
AS215365,Tom Gewiese
AS215370,Thomas Sebastiaan Viet trading as Wasabi Hosting
AS215375,Luca Nowak
AS215413,PebbleHost Ltd
AS215419,Karizanta LTD
AS215428,Mykyta Skorobohatko
AS215437,SummerHosting sp. z o. o.
AS215450,Snowcore Cyf
AS215467,Skhron OU
AS215470,LAZCO STUDIO LTD
AS215540,GLOBAL CONNECTIVITY SOLUTIONS LLP
AS215594,WORLDBUS (TradeZone)
AS215599,Zkillu SAS
AS215628,Xenox IT & Kommunikations GmbH
AS215638,Cilix Limited
AS215659,Aokigahara SRL
AS215680,Luc Haaijer trading as Ferox Hosting
AS215691,AP INTERACTIVE SOLUTIONS SL
AS215693,Bruno Andres Sampedro Trujillo
AS215703,ALEXANDRU VLAD trading as FREAKHOSTING
AS215730,H2NEXUS LTD
AS215738,Julian Tiedke (Dashserv)
AS215762,Bullet Group LTD
AS215780,NordicVM LTD
AS215787,TELE90 Telecom GmbH
AS215812,EnkiTech Bilisim Limited Sirketi
AS215813,Association Athena-Heberg
AS215826,Partner Hosting LTD
AS215837,Wolf-Steve Niebuhr
AS215859,Hetzner Cloud - Singapore
AS215865,Menno Job Gravekamp trading as Atrioxhosting
AS215939,Valery Smoliar
AS216030,GoodLeaf Hosting & Development LLC
AS216071,SERVERS TECH FZCO
AS216075,Association EtherLinx
AS216084,Kerem Uluboy
AS216117,Association CLIENTXCMS
AS216127,INTERNATIONAL HOSTING COMPANY LIMITED
AS216139,Iron Hosting Centre LTD
AS216145,7DC INTERNET LTD.
AS216147,Association FreshPerf
AS216155,Julien CHEVALIER t/a MiridiaGame
AS216193,Hyperion Cloud SAS
AS216209,CELIL KILIC
AS216221,Marco Rossi trading as XeniaHosting
AS216226,David de Graaf trading as Netguard Solutions
AS216246,Aeza Group LLC
AS216249,Photon Spark S.R.L.
AS216285,MYIP NETWORKS G.P.
AS216382,Layer Marketing Services LLC
AS216394,Netlen Internet Hizmetleri Ltd. Sti.
AS216475,NKtelecom INC
AS262287,Latitude.sh LTDA
AS262448,DIALHOST INTERNET EIRELI
AS262518,Tray / LWSA S/A
AS262545,CLARANET TECHNOLOGY S.A.
AS262672,HOSTNET
AS262978,Centro de Tecnologia Armazem Datacenter Ltda.
AS263093,Endurance Group Brasil Hospedagem de Sites LTDA
AS263237,PowerHost Telecom SPA
AS263461,ONLINE DATA CENTER CONS EM INF E LOC DE BENS E SER
AS263511,Saveincloud Hospedagem na Internet Ltda
AS263644,FRUGUI TELECOMUNICACOES LTDA
AS263702,GRUPO ZGH SPA
AS263812,SONDATECH S.A.S.
AS264056,ULI TELECOM LTDA
AS264247,Maila Networks
AS265203,Logicalis
AS265694,Nicolas Lagunas Turczyn(MACROHOSTING)
AS265919,BB Host LTDA
AS266400,Ferenz Networks
AS266444,GoCache / 3L CLOUD
AS266594,DATACENTRICS INTEGRADOR MULTINUVEM LTDA
AS266602,ODATA S.A.
AS266618,MEGA PROVEDOR - SERVICOS DE INTERNET LTDA - ME
AS266927,BINARIO CLOUD SER DE COMPUTACAO E INFORMATICA LTDA
AS267212,WEB 8 DATA CENTER LTDA
AS267355,HOSTIDC INTERNET DATACENTER LTDA
AS267623,House Tecnologia da Informação EIRELI-EPP
AS268208,2CLOUD INFORMATICA LTDA EPP
AS268226,CLARANET TECHNOLOGY S.A.
AS268375,PRODB
AS268513,BAITACLOUD
AS268685,DCV SERVICOS DE LOCACAO DE MAQUINAS E EQUIPAMENTOS
AS269038,IDX DATA CENTERS & IT SERVICES S.A.
AS269070,Hostzone Tecnologia LTDA
AS269777,GRUPO LUMA SAS
AS269925,MEDIAWEB SPA
AS270012,EDDAS HG
AS270013,J AND J SPA (INFOFRACTAL)
AS270014,GRUPO CG LIMITADA
AS270055,CODINGAR S.R.L.
AS270353,Tyna Host
AS270439,DS CUPERTINO SERVICOS DE HOSPEDAGEM NA INTERNET
AS270548,AGI TELECOM LTDA
AS270824,ENX Services
AS270853,STAYBOX SERVICOS DE HOSPEDAGEM NA INTERNET LTDA
AS271682,M3solutions Informatica EIRELI
AS271927,IPCOM SISTEMAS S.A.S.
AS272432,MAGAZINE LUIZA S/A
AS272611,Pecorari Cloud
AS272696,HOSTING NOW NET LTDA
AS273955,XHOST Servicios Informáticos SPA
AS274673,SOU ENERGIA E TELECOMUNICAÇÕES
AS274738,cPortal Tech Group
AS274773,Bunkers Cloud Ltda
AS274827,Akahosting do Brasil
AS327822,Airpark Beaufort West CC
AS327900,Simply Computers Tanzania Ltd
AS327979,DIAMATRIX C.C
AS328037,Optify Systems (Pty) Ltd
AS328067,E.G.I.T. for Technology Services
AS328137,Web Squad Connect (Pty) Ltd
AS328238,INFOSET SARL
AS328364,Host Africa (Pty) Ltd
AS328422,FFG Connection CC
AS328543,Sun Network Company Limited
AS328840,ST DIGITAL
AS328867,Corebach Backbone SARL
AS329166,Absolute Hosting (Pty) Ltd
AS393398,"""Evocative (1515 ROUNDTABLE DR PROPERTY", LLC)"
AS393577,Tritan Development
AS393905,Host Havoc
AS394177,Shift Hosting LLC
AS394896,"""Ace Host", LLC"
AS394996,Paperspace
AS395092,Shock Hosting LLC
AS395471,"""Data@ccess Communication", Inc."
AS395881,Skylink Hosting LLC
AS395954,"""Leaseweb USA", Inc."
AS396073,"""Majestic Hosting Solutions", LLC"
AS396356,Latitude.sh
AS396503,WestConnect Communications
AS396982,Google Cloud Platform
AS396993,Soraxus Networks Inc.
AS396998,"""Path Network", Inc."
AS397018,Cloud Propeller
AS397031,"""GALAXYGATE", LLC"
AS397032,SPARKED HOST LLC
AS397143,"""Neptune Networks", LLC"
AS397273,Render
AS397373,H4Y Technologies LLC
AS397391,Hop One Networks LLC
AS397423,Tier.Net Technologies LLC
AS397627,"""CloudConnect", LLC"
AS398101,"""GoDaddy.com", LLC"
AS398343,Baxet Group Inc.
AS398355,Data Ideas LLC
AS398395,PureVoltage Hosting Inc.
AS398447,"""OHANACRAFT", LLC"
AS398465,Rackdog LLC
AS398478,PEG TECH INC
AS398823,PEG TECH INC
AS398826,OLink Cloud LLC
AS399045,"""DediOutlet", LLC"
AS399122,VPS House Technology Group LLC
AS399244,Bloom Host (AME Hosting LLC)
AS399275,Solid Systems LLC
AS399486,Virtuo
AS399531,"""Hop", Inc"
AS399580,Radish Networks
AS399629,BL Networks
AS399646,Snaju Development
AS399647,Rumble USA Inc.
AS399686,Semiband LLC
AS399804,Hostodo
AS399820,Atomic Networks LLC
AS399883,CodeforHost Inc
AS399888,WireCat LLC
AS399989,ULTRA ONE
AS400011,Voxtelesys LLC
AS400145,"""Gladius Technology Solutions", LLC"
AS400175,"""Microtronix ESolutions", LLC"
AS400245,AlphaCentri Corporation
AS400298,Madcityservers LLC
AS400304,Redoubt Networks (Crunchbits)
AS400402,"""Hosting Bot", LLC"
AS400442,Vulpine Networks
AS400529,"""Infraly", LLC"
AS400556,"""Elcro Digital Services", LLC"
AS400587,"""Ryamer", LLC"
AS400596,Technologies Elixior
AS400655,NixLabs Networks
AS400705,"""Highland Networks", LLC"
AS400758,CORTAVIS
AS400799,Pufferfish Studios LLC
AS400810,BreezeHost
AS400940,Railway
AS400958,Syniac
AS401104,Cyber Planet LLC
AS401120,cheapy.host LLC
AS401486,RAVNIX LLC