AS32,Stanford University
AS73,University of Washington
AS158,Ericsson Inc.
AS174,"""Cogent Communications", LLC"
AS209,Lumen (ex. Qwest)
AS224,Sikt (Uninett)
AS239,University of Toronto
AS292,ESnet
AS378,IUCC - Israel InterUniversity Computation Center
AS553,BelWü
AS559,SWITCH
AS577,Bell Canada
AS680,Deutsches Forschungsnetz (DFN)
AS701,Verizon Business
AS719,Elisa Oyj
AS786,Jisc Services Limited
AS803,Saskatchewan Telecommunications
AS833,Spearware Networks LLC
AS852,TELUS Communications Inc.
AS992,Modest Labs LLC
AS1003,andrewnet
AS1088,FastBridge Fiber
AS1103,SURF B.V.
AS1128,Technische Universiteit Delft
AS1133,University of Twente
AS1136,KPN B.V.
AS1200,Amsterdam Internet Exchange B.V.
AS1213,ASIERA TECHNOLOGY SERVICES CLG
AS1221,Telstra Limited
AS1241,Nova Telecommunications & Media Single Member S.A
AS1257,Tele2 Sverige AB
AS1273,Vodafone Group PLC
AS1299,Arelion (fka. Telia Carrier)
AS1403,EBOX
AS1547,Interdnestrcom SZAO
AS1653,Vetenskapsrådet / SUNET
AS1734,Contra Costa County Regional Occupation Program / Richmond
AS1741,CSC - Tieteen tietotekniikan keskus Oy
AS1759,Telia Finland Oyj
AS1764,Next Layer Telecommunications
AS1835,Forskningsnettet - Danish NREN
AS1856,"""RTX BBN Technologies", Inc."
AS1886,BT NET d.o.o. za trgovinu i usluge
AS1888,Stichting Centrum voor Wiskunde en Informatica
AS1897,"""NOS COMUNICACOES", S.A."
AS1926,Tampere University Foundation
AS1930,"""Fundacao para a Ciencia e a Tecnologia", I.P."
AS2018,TENET (The UNINET Project)
AS2027,MilkyWan
AS2107,ARNES
AS2119,Telenor Norge AS
AS2486,AFNIC (Association Francaise pour le Nommage Internet...
AS2497,Internet Initiative Japan Inc.
AS2518,BIGLOBE Inc.
AS2552,Washington University
AS2602,Fondation RESTENA
AS2609,Tunisia BackBone AS
AS2611,BELNET
AS2613,Association Romandix
AS2637,Georgia Institute of Technology
AS2792,Deutsche Telekom AG
AS2852,CESNET z.s.p.o.
AS2857,Johannes Gutenberg-Universitaet Mainz
AS2860,"""NOS COMUNICACOES", S.A."
AS3130,RGnet OU
AS3132,Red Cientifica Peruana
AS3213,Bogons Ltd
AS3214,xTom GmbH
AS3215,Orange S.A.
AS3221,Estonian Education and Research Network
AS3257,GTT Communications Inc.
AS3262,"""SAREnet", S.A."
AS3269,TIM S.p.A. (fka. Telecom Italia S.p.A.)
AS3292,TDC Holding A/S
AS3301,Telia Company AB
AS3303,Swisscom (Schweiz) AG
AS3308,Telia Company AB (Denmark)
AS3320,Deutsche Telekom AG
AS3326,Datagroup PJSC
AS3329,Vodafone Greece
AS3333,Reseaux IP Europeens Network Coordination Centre (RIPE NCC)
AS3352,TELEFONICA DE ESPANA S.A.U.
AS3356,Lumen (Level 3)
AS3399,Obenet AB
AS3462,HiNet (Chunghwa Telecom)
AS3662,Joint Universities Computer Centre Limited
AS3663,NetNet
AS3816,COLOMBIA TELECOMUNICACIONES S.A. ESP BIC
AS3842,"""InMotion Hosting", Inc."
AS3927,RGnet OU
AS4128,RGnet OU
AS4181,TDS TELECOM
AS4474,"""TCT West", Inc."
AS4528,The University of Hong Kong
AS4581,Socket Holdings Corporation
AS4638,Telecom Fiji Limited
AS4713,NTT Communications Corporation (OCN)
AS4725,SoftBank Corp.
AS4760,HKT Limited
AS4764,Aussie Broadband
AS4788,TM Technology Services Sdn. Bhd.
AS4826,Vocus Connect International Backbone
AS5089,Virgin Media Limited
AS5405,Inter.link GmbH
AS5408,National Infrastructures for Research and Technology S.A.
AS5409,toplink GmbH
AS5413,Wavenet Limited
AS5436,Computacenter France SAS
AS5459,London Internet Exchange Ltd.
AS5470,Aristotle University of Thessaloniki
AS5483,Magyar Telekom Plc.
AS5539,SpaceNet AG
AS5617,Orange Polska Spolka Akcyjna
AS5645,"""TekSavvy Solutions", Inc."
AS5786,University of Puerto Rico
AS6058,Northwestel Inc.
AS6079,RCN
AS6167,Verizon Business
AS6269,"""AT&T Enterprises", LLC"
AS6306,"""TELEFONICA VENEZOLANA", C.A. (Movistar)"
AS6315,"""XMission", L.C."
AS6373,Opus One
AS6661,POST Luxembourg
AS6667,Elisa Oyj
AS6736,Institute for Research in Fundamental Sciences
AS6750,"""Soluciones Dinamicas de la Red", S.L."
AS6799,Ote SA (Hellenic Telecommunications Organisation)
AS6821,Makedonski Telekom AD-Skopje
AS6830,Liberty Global Europe Holding B.V.
AS6848,Telenet BV
AS6849,"JSC """"Ukrtelecom"""""
AS6866,Cyprus Telecommunications Authority
AS6881,NIX.CZ z.s.p.o.
AS6893,"""Saitis Network", N.Desir"
AS6939,Hurricane Electric LLC
AS7018,"""AT&T Enterprises", LLC"
AS7029,Windstream Communications LLC
AS7065,"""Sonic.net", LLC"
AS7122,Bell Canada
AS7195,EdgeUno
AS7247,Mojo Networks
AS7420,Zamnet
AS7514,"""Computer Engineering & Consulting", Ltd."
AS7575,Australian Academic and Research Network (AARNet)
AS7578,Global Secure Layer
AS7645,Deakin University
AS7922,"""Comcast Cable Communications", LLC"
AS8075,Microsoft Corporation
AS8220,COLT
AS8240,Information System Authority Republic of Estonia
AS8253,Democritus University of Thrace
AS8283,Netwerkvereniging Coloclue
AS8315,Accenture B. V.
AS8330,LONAP Ltd
AS8362,NordNet SA
AS8365,Man-da.de GmbH
AS8391,Knipp Medien und Kommunikation GmbH
AS8400,Telekom Srbija a.d.
AS8426,Claranet Limited
AS8434,Telenor Sverige AB
AS8452,Telecom Egypt
AS8473,Bahnhof AB
AS8542,Eviny Fiber AS
AS8585,Crnogorski Telekom a.d.Podgorica
AS8676,PRT Systems Limited
AS8680,Sure (Guernsey) Limited
AS8708,DIGI ROMANIA S.A.
AS8728,AS INFONET
AS8745,Bulgarian Academy of Sciences
AS8752,"AO """"ASVT"""""
AS8767,M-net Telekommunikations GmbH
AS8820,tal.de GmbH
AS8823,Rockenstein AG
AS8859,OSN Online Service Nuernberg GmbH
AS8866,Vivacom Bulgaria EAD
AS8887,"""TESATEL", s.r.o."
AS8888,xTom Pty Ltd
AS8893,Artfiles New Media GmbH
AS8943,Jump Networks Ltd
AS8968,BT Italia S.p.A.
AS8991,Hellenic Centre for Marine Research
AS9002,RETN Limited
AS9026,MYNET S.R.L.
AS9069,UNIWA
AS9136,WOBCOM GmbH
AS9141,P4 Sp. z o.o.
AS9145,EWE TEL GmbH
AS9158,Telenor A/S
AS9161,Poundbury Systems Ltd.
AS9268,Over The Wire Pty Ltd
AS9299,PLDT (Philippine Long Distance Telephone Company)
AS9312,xTom
AS9431,The University of Auckland
AS9443,Vocus Retail
AS9607,"""BroadBand Tower", Inc."
AS9735,Hong Kong Domain Name Registration Co. Ltd
AS10143,Exetel Pty Ltd
AS10214,Pentanet Limited
AS10279,"""West Carolina Communications", LLC"
AS10352,Solarus
AS10364,University of Alabama in Huntsville
AS10620,Telmex Colombia S.A.
AS10796,Charter Communications Inc
AS10961,Boston GigaPoP
AS11131,University of Maryland Baltimore County (UMBC)
AS11170,Roller Network LLC
AS11232,Midcontinent Communications
AS11351,Charter Communications Inc
AS11358,Tennant Software
AS11402,"""Charlotte Colocation Center", LLc"
AS11426,Charter Communications Inc
AS11427,Charter Communications Inc
AS11655,Saskatoon Internet Exchange Inc
AS11776,Breezeline
AS11830,Instituto Costarricense de Electricidad y Telecom.
AS11845,Vox Telecom Ltd
AS11967,Hop179 LLC
AS12119,ITV-3
AS12127,Telefonica Moviles El Salvador S.A. de C.V.
AS12271,Charter Communications Inc
AS12276,San Francisco Metropolitan Internet Exchange (SFMIX)
AS12306,Plus.line AG
AS12307,Sandro Bolliger trading as Bolliger Network Solutions
AS12322,Free SAS
AS12337,noris network AG
AS12360,KEVAG Telekom GmbH
AS12374,LF.net Netzwerksysteme GmbH
AS12392,VOO S.A.
AS12414,Solcon Internetdiensten B.V.
AS12479,Orange Espagne SA
AS12480,ILK Internet.Gmbh
AS12496,Infinity Developments Limited
AS12502,Dr.-Ing. Nepustil & Co. GmbH Internet Service Center ...
AS12540,IdecNet S.A.
AS12611,R-KOM Regensburger
AS12620,Ticinocom SA
AS12628,JACO ENGELBRECHT
AS12676,HKN GmbH
AS12775,JPC Infonet Ltd
AS12779,IT.Gate S.p.A.
AS12847,Latvijas Mobilais Telefons SIA
AS12859,BIT BV
AS12874,Fastweb SpA
AS12880,Iran Information Technology Company PJSC
AS12886,LEW TelNet GmbH
AS12897,ENTEGA Medianet GmbH
AS12906,Deltatre S.p.A.
AS12929,Telia Norge AS
AS12931,IDKOM Networks GmbH
AS12941,intersaar GmbH
AS13020,Chaos Computer Club (Events)
AS13037,Zen Internet Ltd
AS13045,htp GmbH
AS13092,Akademska mreza Republike Srbije - AMRES
AS13101,TNG Stadtnetz GmbH
AS13127,Odido Netherlands B.V.
AS13150,CATO NETWORKS LTD
AS13213,UK-2 Limited
AS13246,Key-Systems GmbH
AS13251,QiTEC GmbH
AS13285,TalkTalk Communications Limited
AS13335,"""Cloudflare", Inc."
AS13427,"""Softcom Internet Communications", Inc."
AS13657,E-Gate Communications Inc.
AS13728,"""D&P Communications", Inc."
AS13781,Hopkinsville Electric System
AS14061,DigitalOcean LLC
AS14371,Paul Bunyan Communications
AS14383,"""M3COM of Virginia", Inc"
AS14615,"""Comporium", Inc"
AS14858,"""Hanson Information Systems", Inc. / Family Net"
AS14907,Wikimedia Foundation Inc.
AS14956,RouterHosting LLC
AS15085,"""Immedion", LLC"
AS15088,First Network Group Inc
AS15169,Google LLC
AS15366,DNS:NET Internet Service GmbH
AS15401,Orange Business Services SA
AS15412,Flag Telecom UK Limited
AS15435,DELTA Fiber Nederland B.V.
AS15450,Alhambra Systems SA
AS15457,"""NOS Madeira Comunicacoes", S.A."
AS15502,Vodafone Ireland Limited
AS15576,NTS workspace AG
AS15605,Connesi S.p.A.
AS15614,Dragon Internet a.s.
AS15623,Cyberlink AG
AS15693,Today Concepts B.V.
AS15743,net.de AG
AS15817,Mittwald GmbH
AS15895,"""""Kyivstar"""" PJSC"
AS15943,wilhelm.tel GmbH
AS15954,"""Tecnocratica Centro de Datos", S.L."
AS16019,Vodafone Czech Republic a.s.
AS16086,DNA Oyj
AS16117,Gavle Energi AB
AS16125,UAB Cherry Servers
AS16188,punkt.de GmbH
AS16302,Suomi Communications Oy
AS16509,"""Amazon.com", Inc."
AS16735,Algar Telecom
AS16881,"""Prall", Inc., David C"
AS16906,"""El Salvador Network", S. A."
AS17054,Expedient
AS17138,Matt Peterman Sole Proprietor
AS17421,Emome (Chunghwa Telecom)
AS17451,Biznet Networks
AS17676,SoftBank Corp.
AS18001,Dialog Axiata PLC.
AS18106,Viewqwest Pte Ltd
AS18403,FPT Telecom Company
AS18419,DaDa Broadband LTD.
AS18663,University of the Pacific
AS18792,Meme Holdings LLC
AS18809,Cable Onda
AS19318,"""Interserver", Inc"
AS19422,Telefonica Moviles del Uruguay SA
AS19504,"""WTC Communications", Inc."
AS19527,Google LLC (Google Cloud)
AS19528,"""Meridian Parkway Data Center Owner", LLC"
AS19901,Brightspeed
AS20001,Charter Communications Inc
AS20057,"""AT&T Enterprises", LLC"
AS20207,Gigared S.A.
AS20278,"""Nexeon Technologies", Inc."
AS20292,miriquidi networks GmbH
AS20412,Clarity Telecom LLC
AS20473,"""The Constant Company", LLC"
AS20545,Georgian Research and Educational Networking Associat...
AS20596,Future Publishing Ltd
AS20676,Plusnet GmbH
AS20686,Bisping & Bisping GmbH & Co KG
AS20694,NMMN New Media Markets & Networks IT-Services GmbH
AS20712,Andrews & Arnold Ltd
AS20764,CJSC RASCOM
AS20798,EPTE Oy
AS20857,TransIP B.V. (team.blue NL)
AS20879,Digi Portugal
AS20904,Cinia Oy (fka. Netplaza)
AS20912,Panservice s.a.s. di Cuseo Fabrizio & C.
AS20965,GEANT Vereniging
AS20972,Officine Informatiche Srl
AS20986,EasyTeam SAS
AS21034,Micso s.r.l.
AS21079,Oesterreichische Kontrollbank Aktiengesellschaft
AS21100,GREEN FLOID LLC
AS21183,Vodafone Albania (fka. Abcom)
AS21247,Association IP Synergies
AS21260,The Positive Internet Company Ltd
AS21263,TeleData GmbH
AS21334,One Hungary Ltd.
AS21412,"UAB """"Cgates"""""
AS21413,Envia Tel GmbH
AS21538,IGWAN.NET
AS21565,"""Horry Telephone Cooperative", Inc."
AS21599,Cable Onda
AS21700,"""Neptune Networks", LLC"
AS21738,Rozint
AS21903,Arnhem Networks LLC
AS22296,Vorsk LLC
AS22442,"""Phonoscope", Inc."
AS22611,"""InMotion Hosting", Inc."
AS22684,SSI Micro Ltd.
AS22709,"""North State Telephone", LLC"
AS22742,Connecticut Education Network
AS22773,Cox Communications Inc.
AS23007,Universidad de Los Andes
AS23031,TELECU TELECOMUNICACIONES DEL ECUADOR TELECUSA S.A.S.
AS23483,Shasta County Office of Education
AS23719,University of Sydney
AS23947,PT Mora Telematika Indonesia Tbk
AS24164,UNION BROADBAND NETWORK
AS24165,UNION BROADBAND NETWORK
AS24183,DTS LTD
AS24309,Atria Convergence Technologies
AS24390,The University of the South Pacific
AS24482,SG.GS
AS24521,PT Data Utama Dinamika
AS24679,kyberio GmbH
AS24723,Atman Sp. z o.o.
AS24724,Atman Sp. z o.o.
AS24725,"LLC """"Hostmaster"""""
AS24757,Ethio telecom
AS24776,INFOCLIP SA
AS24786,ProSiebenSat.1 Tech & Services GmbH
AS24806,"""INTERNET CZ", a.s."
AS24840,NICOS AG
AS24875,NovoServe B.V.
AS24921,Latvijas Mobilais Telefons SIA
AS24956,Gaertner Datensysteme GmbH & Co. KG
AS24971,MasterDC s.r.o.
AS25144,Telekomunikacije Republike Srpske a.d.
AS25192,"""CZ.NIC", z.s.p.o."
AS25198,INTERKVM HOST (ZetServers)
AS25229,"Limited Liability Company """"KYIVSKI TELEKOMUNIKATSIYNI..."
AS25248,RADIOKOMUNIKACE a.s.
AS25273,Broadcasting Center Europe (an RTL Group Company)
AS25353,BAR Informatik AG
AS25400,Telia Norge AS
AS25412,"""CORPORACIO CATALANA DE MITJANS AUDIOVISUALS", S.A."
AS25424,CEZNET s.r.o.
AS25460,The Networking People (TNP) Limited
AS25512,CD-Telematika a.s.
AS25532,"LLC """"MASTERHOST"""""
AS25538,Internet Ulm/Neu-Ulm e.V.
AS25620,COTAS LTDA.
AS25693,Virtual Machine Solutions LLC
AS26006,Exodo LLC
AS26210,AXS Bolivia S. A.
AS27411,"""Leaseweb USA", Inc."
AS27806,WAYSCOM
AS27882,Telefónica Celular de Bolivia S.A.
AS27951,Media Commerce Partners S.A
AS28075,ARLINK S.A.
AS28343,Unifique Telecomunicações SA
AS28685,Routit BV
AS28725,CETIN a.s.
AS28728,Infornax Information Technology Zrt.
AS28760,Infotech EDV-Systeme GmbH
AS28768,Alpilink Cloud S.A.S.
AS28785,Asseco Cloud Sp. z o. o.
AS28854,SavMAN AB
AS29018,trivago N.V.
AS29050,Terrecablate Reti e Servizi S.R.L.
AS29067,Hostmaster LLC
AS29086,"""GiTy", a.s."
AS29122,i-Wet Ltd.
AS29152,Decknet SARL
AS29169,GANDI SAS
AS29182,JSC IOT
AS29208,"""Quantcom", a.s."
AS29247,Ote SA (Hellenic Telecommunications Organisation)
AS29287,Wien Energie GmbH
AS29396,Eurofiber Nederland BV
AS29405,VNET a.s.
AS29413,KOMRO Gesellschaft fuer Telekommunikation mit beschra...
AS29423,gridscale GmbH
AS29447,Iliad Italia S.p.A
AS29484,Ruhr-Universitaet Bochum
AS29505,Stadtwerke Luebeck Digital GmbH
AS29518,Bredband2 AB
AS29550,Team Blue Carrier Limited
AS29608,OVEA SAS
AS29670,"Individual Network Berlin (""""IN-Berlin"""") e.V."
AS29695,Lyse Tele AS
AS29802,"""HIVELOCITY", Inc."
AS29974,Wightman Telecom
AS30133,ISC F-ROOT NUL0
AS30298,META Solutions
AS30456,Cosmic Global Networks
AS30475,"""Handy Networks", LLC"
AS30742,Bremen Briteline GmbH
AS30764,PODA a.s.
AS30781,Free Pro SAS
AS30892,DEUTSCHE TELEKOM GLOBAL BUSINESS SOLUTIONS IBERIA SL
AS30971,nic.at GmbH
AS30985,Orange Mali SA
AS31242,P4 Sp. z o.o.
AS31263,MYNET S.R.L.
AS31272,WildPark Co
AS31275,LLC Telecom-Service
AS31472,VoiceHost Ltd
AS31493,TWENTYTWENTYMEDIA LIMITED
AS31510,Innsbrucker Kommunalbetriebe AG
AS31520,"PRIVATE JOINT STOCK COMPANY """"DATAGROUP"""""
AS31615,Odido Netherlands B.V.
AS31705,Europaischen Organisation fuer die Nutzung Meteorolog...
AS31712,GIGASTREAM LIMITED
AS31775,"""Greenlight Networks", LLC"
AS31841,NEW KNOXVILLE TELEPHONE COMPANY
AS31922,"""Datto", LLC"
AS32133,Ting Fiber Inc.
AS32167,LSHIY LLC
AS32270,"""LD Telecommunications", Inc."
AS32425,Pixel Factory
AS33185,Hive Data Center Inc.
AS33363,"""Charter Communications", Inc"
AS33582,Digicel St.Lucia Ltd
AS33604,Burlington Telecom
AS33843,Dr.-Ing. Nepustil & Co. GmbH Internet Service Center ...
AS33885,Telenor Sverige AB
AS33915,Vodafone Libertel B.V.
AS33983,ARTMOTION SH.P.K.
AS33984,Surfplanet GmbH
AS34019,Hivane Association
AS34134,FreeClix Ltd
AS34428,Giulio Lo Presti
AS34467,"JSC Telephone Company """"Sotcom"""""
AS34554,Antares Kommunikationstechnik AG
AS34606,B.B.Bell SPA
AS34622,Bredband i Kristianstad AB
AS34683,TELKEA TELECOM SA
AS34749,GLOBAL SERVICE PROVIDER S.A.
AS34758,Axera SpA
AS34820,DELTA ONLINE spol. s r.o.
AS34878,Karlsruhe Institute of Technology
AS34915,METROPOLITAN SERVICES SRL
AS34948,Claranet SAS
AS34949,IDLINE SAS
AS34953,RelAix Networks GmbH
AS34970,Diatem SAS
AS34979,39D Services LTD
AS34984,Superonline Iletisim Hizmetleri A.S.
AS35007,Miconet Sp. z o.o.
AS35008,"""Kerfuffle", LLC"
AS35047,Abissnet sh.a.
AS35065,Leipziger Messe GmbH
AS35071,Xoom Limited
AS35132,Enivest AS
AS35144,Dream Line LTD
AS35158,Dansk Net A/S
AS35224,PLINQ BV
AS35258,akquinet outsourcing gGmbH
AS35320,Eurotranstelecom Ltd
AS35432,Cablenet Communication Systems plc
AS35492,FunkFeuer Wien - Verein zur Foerderung freier Netze
AS35592,Coolhousing s.r.o.
AS35600,Vedege SAS
AS35612,EOLO S.p.A.
AS35613,FASTER CZ spol. s r.o.
AS35699,Adamo Telecom Iberia S.A.
AS35710,weber.digital GmbH
AS35753,Etihad Salam Telecom CJSC
AS35819,"""Etihad Etisalat", a joint stock company"
AS35829,"""auth-servers", LLC"
AS35891,Norwood Light Broadband
AS35916,MULTACOM CORPORATION
AS35986,Vyve Broadband
AS36007,"""Kamatera", Inc."
AS36236,"""NetActuate", Inc"
AS36352,HostPapa
AS36549,WestTel Ltd.
AS36884,Wana Corporate
AS36914,Kenya Education Network
AS36925,Orange Maroc
AS37100,SEACOM Limited
AS37187,Inq. Digital Limited
AS37497,Network Platforms (PTY) LTD
AS37529,Gestora de Infraestructuras de Telecomunicaciones de ...
AS37578,Telecommunication Sevice  Providers Association of Ke...
AS37611,Afrihost (Pty) Ltd
AS37649,SAGA AFRICA HOLDINGS LIMITED
AS37680,Cool Ideas Service Provider (Pty) Ltd
AS38195,Superloop
AS38229,"""Lanka Education & Research Network", NREN"
AS38264,Wateen Telecom
AS38299,REANNZ Corporate
AS38826,Infinite Networks Pty Ltd
AS38965,Rick van der Sterren trading as HostIn
AS39029,Redpill Linpro AS
AS39040,NTS workspace AG
AS39120,Convergenze S.p.A.
AS39122,Blacknight Internet Solutions Limited
AS39150,HOSTING TELECOM LTD
AS39216,AL-SARD FIBER Co.
AS39326,Syntura Group Limited
AS39351,31173 Services AB
AS39421,Sapinet SAS
AS39484,Pirkan Opiskelija-asunnot Oy
AS39521,TNGNET B.V.
AS39542,SIGMA INFORMATIQUE SAS
AS39642,Norlys Digital A/S
AS39648,DataCom Group Nordic AB
AS39686,Eurofiber Nederland BV
AS39699,Lounea Palvelut Oy
AS39702,S-IT Verwaltungs GmbH trading as S-IT Informationstec...
AS39761,"""ABAK", Co.Ltd."
AS39767,Sargasso N1 Limited
AS39790,Web4U s.r.o.
AS39835,goetel GmbH
AS39839,Punktum dk A/S
AS39857,Aalto University Student Union
AS39900,SIA GOOD
AS39935,NETSMART (CYPRUS) LTD
AS40021,"""Contabo (Nubes", LLC)"
AS40098,"""Community Antenna Service", Inc."
AS40490,"""Afilias", Inc."
AS40702,Clearwave Communications
AS40916,"""Evalse", LLC"
AS40980,Anexia Cloud Solutions GmbH
AS40981,University of Montenegro
AS40994,Alwyzon (Hohl IT)
AS41000,Freethought Internet Limited
AS41009,Oleksandr Melnyk
AS41103,teleBIZZ Ltd
AS41108,comtrance service GmbH
AS41132,Applied Technologies Co.
AS41153,Gamma Communications Nederland B.V.
AS41293,regio[.NET] GmbH & Co. KG
AS41327,Fiber Telecom S.p.A.
AS41397,Redes Digitales de Telecomunicacion en Internet SL
AS41424,Latvian Railways
AS41690,Dailymotion S.A.
AS41720,Revolution Provider S.r.l.
AS41798,JSC Transtelecom
AS41872,GIB-Solutions AG
AS41955,SerNet Service Network GmbH
AS41960,Nextpertise B.V.
AS41981,Flying Circus Internet Operations GmbH
AS42003,OGERO
AS42184,TKRZ Stadtwerke GmbH
AS42189,Druzstvo EUROSIGNAL
AS42207,Agencija za komunikacijska omrezja in storitve republ...
AS42303,LM Layer and Mesh AB
AS42334,Broadband Plus S.a.l.
AS42455,ELITE GROUP.IM LIMITED
AS42541,Fiberby ApS
AS42557,Xidras GmbH
AS42598,Merk Solutions sp. z o.o.
AS42611,Full Fibre Limited
AS42643,Sebastian Baginski BLAST.PL
AS42652,inexio Informationstechnologie und Telekommunikation Gmbh
AS42669,CITTA' STUDI S.P.A.
AS42675,Obehosting AB
AS42695,Cleura AB
AS42730,EVANZO e-commerce GmbH
AS42831,UK Dedicated Servers Limited
AS42970,Mezcalito SCOP-SARL
AS43037,"""Seznam.cz", a.s."
AS43127,Ifolor AG
AS43408,Orange Cyberdefense UK Limited
AS43507,"""RETE internet", s.r.o."
AS43541,VSHosting s.r.o.
AS43619,Association pour l'union des reseaux des residences e...
AS43749,Happymed Healthcare and IT Provider Co. Ltd.
AS43910,Intra2net AG
AS43915,TrueSpeed Communications Limited
AS43950,"Terence Froy trading as """"Spilsby Internet Solutions"""""
AS43957,WNT Telecommunication GmbH
AS43965,Tehran University of Medical Science
AS44024,Radu Draghici
AS44084,Multiwire S.r.l.
AS44097,CLEMENT CAVADORE
AS44133,IPAX GmbH
AS44176,VNext AB
AS44212,Adelphi Net1 Ltd
AS44234,"""Gaya", s.r.o."
AS44297,ICODIA SAS
AS44302,NETregator Kft.
AS44407,Linkt SAS
AS44431,OmniAccess S.L.
AS44574,Network Services Ltd.
AS44651,Kalasznet Kabel TV Kft
AS44684,Mythic Beasts Ltd
AS44695,FOP Markovskiy Denis Vadimovich
AS44746,Satellithuset i Limmared AB
AS44943,Ramtel Ltd.
AS44949,Gigacodes GmbH
AS44973,Rechenzentrum Hassfurt GmbH
AS45014,Nuco Technologies Ltd
AS45131,REANNZ Head Office
AS45177,Devoli
AS45204,GEMNET LLC
AS45355,Digicel Fiji Limited
AS45494,NREN ASN for Misc. Root Servers and Community
AS45680,DOVA Corporation
AS45725,PT Kings Network Indonesia
AS46050,PT JC Indonesia
AS46475,"""Limestone Networks", Inc."
AS46505,NixiHost.com Incorporated
AS46886,Tekify Broadband
AS47132,Innonet ICT-Services GmbH
AS47152,Francesco Ascione trading as FIBERSIX
AS47160,MOJI SAS
AS47202,Lazer Telecomunicacoes S.A.
AS47242,Host SpA
AS47317,"""Web4ce", s.r.o."
AS47447,23M GmbH
AS47490,TuxBox
AS47526,handily networks GmbH
AS47638,Cadence Networks Ltd
AS47648,NOREST SERVICES SAS
AS47689,"""Pudu", LLC"
AS47692,Nessus GmbH
AS47727,Warnet.cz s.r.o.
AS47794,Etihad Atheeb Telecom Company
AS47887,AL-HADATHEH LIL-ITISALAT WA AL-TECHNOLOGIA CO.
AS48070,DSM (GB) Limited
AS48101,Trooli Ltd.
AS48112,XINDI Networks SRL
AS48154,Thomas Horx & Christian Wetzig GbR
AS48284,SWU TeleNet GmbH
AS48314,IP-Projects GmbH & Co. KG
AS48328,retarus GmbH
AS48390,Association Romandix
AS48661,"""AIRWAYNET", a.s."
AS48753,AVA HOST SRL
AS48777,DARC e.V.
AS48926,Pe3ny Net s.r.o.
AS48945,OPEN FIBRE NETWORKS (WHOLESALE) LIMITED
AS48956,HyperNET sp. z o.o.
AS49254,Alternet Ltd
AS49505,JSC Selectel
AS49556,Web Dadeh Paydar Co (Ltd)
AS49605,Digital Telecommunication Services S.r.l.
AS49640,S.P.E. SISTEMI E PROGETTI ELETTRONICI S.A.S. DI PRAND...
AS49688,John Berry
AS49703,CONSULTIC SRL
AS49798,BBX s.r.o.
AS49800,GNC-Alfa CJSC
AS49855,PLUTEX GmbH
AS49985,IP4ISP z.s.p.o
AS50163,Altnet s.r.o.
AS50266,Odido Netherlands B.V.
AS50272,AVUR AS
AS50332,SQUILD GmbH
AS50340,Selectel - Moscow
AS50348,"""KVADOS", a.s."
AS50469,Peer Kohlstetter trading as Hessenkom GmbH & Co. KG
AS50599,DATASPACE P.S.A.
AS50629,LWLcom GmbH
AS50821,Bredband2 Stockholms Stadsnaet AB
AS50825,UVT Internet s.r.o.
AS50877,Airbeam S.r.l.
AS50971,JHComp s.r.o.
AS50973,Vodafone Albania Sh.A.
AS50999,King Abdullah University of Science and Technology
AS51087,Bling Network Ltd
AS51088,A2B IP B.V.
AS51167,Contabo GmbH
AS51207,Free Mobile SAS
AS51225,Armenian internet traffic exchange 'Armix' foundation
AS51248,Host-Telecom.com s.r.o.
AS51263,County Broadband Ltd
AS51333,Arcolink Telecomunicazioni S.r.l.
AS51468,One.com A/S
AS51519,Karabro AB
AS51664,Bilendi Technology SARL
AS51691,F-Solutions Oy
AS51692,Steven Smith trading as HyberHost
AS51786,Patrick Velder
AS51815,GlobalConnect AB
AS51840,CSL Data Centre Services Limited
AS51852,Private Layer INC
AS51929,Advania Sverige AB
AS51996,MicroStrategy Poland Sp. z o.o.
AS52063,TTP Cloud Group Ltd
AS52130,LiveSport s.r.o.
AS52210,Accuris Technologies Ltd.
AS52322,TELCOCOM
AS52376,CABASE Camara Arg de Base de Datos y Serv en Linea
AS52431,CyberWave S.A.
AS52564,Biazi Telecom
AS53006,ALGAR TELECOM S/A
AS53066,VETORIAL INTERNET
AS53343,sc Network
AS53550,"""NTT Cloud Communications US", Inc."
AS53667,FranTech Solutions
AS53763,"""Lakeside Network", LLC"
AS53910,Northwestel Inc.
AS54014,"""Jurassic Innovations", LLC"
AS54148,Dynamic Quantum Networks
AS54594,Illuminate Hillsboro
AS54978,ZYWAVE INC
AS55002,"""F5", Inc."
AS55666,PT Media Sarana Data
AS55736,Dataknox Pty Limited
AS55805,MobiCom Corporation
AS55824,NKN Core Network
AS55850,Mercury NZ Limited
AS55911,kazukichi
AS56150,Viet Solutions Services Trading Company Limited
AS56293,Kewiko LLC
AS56357,Technical University of Munich
AS56381,level66.network UG (haftungsbeschraenkt)
AS56427,Michal Hradil
AS56430,Chroot Network SRL
AS56457,FASTPATH IKE
AS56465,Therecom Ltd
AS56566,SATT a.s.
AS56588,Information System Authority
AS56655,Gigahost AS
AS56876,Ociris GmbH
AS56911,Warian S.R.L.
AS56933,Datagram s.r.o.
AS57050,DreamServer S.R.L.
AS57103,Nomotech SAS
AS57225,Floris van der Krieken
AS57254,FHU SKANET Wojciech Capek
AS57269,DIGI SPAIN TELECOM S.L.
AS57294,Internet Expert s.r.o.
AS57388,I.B.C - Telecom Sh.p.k.
AS57407,CK Software GmbH
AS57630,84 Grams AB
AS57692,Kapsi Internet-kayttajat ry
AS57728,CEZNET s.r.o.
AS57777,Jeroen Massar
AS57794,ELLINIKA DIKTIA KALODION MEPE
AS57821,Nonattached Network e.V.
AS57866,Fusix Networks B.V.
AS57944,IP-Connect LLC
AS58075,X2com BV
AS58130,rsnet s.r.o.
AS58202,NoPKT LLC
AS58220,Tomas Budai
AS58224,Iran Telecommunication Company PJS
AS58631,Vista Group (NZ) Limited
AS58698,The University of Wollongong
AS59105,Home NOC Operators Group
AS59128,Kyoto University Microcomputer Club
AS59414,cloudscale.ch AG
AS59474,Rechenzentrum Hassfurt GmbH
AS59617,Andy Davidson
AS59645,Tobias Fiebig
AS59678,SYSTEM36 LLC
AS59715,Comune di San Benedetto del Tronto
AS59787,"""WebSP - Comercio e Prestacao de Servicos Informaticos", Lda"
AS59789,CISMO Clearing Integrated Services and Market Operati...
AS59790,Marco Bungalski GmbH
AS59808,Sandro Bolliger trading as Bolliger Network Solutions
AS59890,Kabel-TV Lampert GmbH & Co KG
AS60016,Fiberstream 87 AG
AS60131,High5! B.V.
AS60150,area-7 IT-Services GmbH
AS60156,Solution Design Inc Oy
AS60163,KEKLOLWTF AS
AS60171,AFR-IX TELECOM S.A.
AS60273,ALTANETICA S.L.
AS60288,Eurobase GmbH
AS60304,Starnet Sh.p.k.
AS60345,icixs networks GmbH
AS60377,toob limited
AS60382,Cranleigh School
AS60754,Dianet Ltd.
AS60767,Robert Finze
AS60798,Servereasy Srl
AS60841,BerryByte Limited
AS60900,Adrian Trifonov trading as Ssmidge Technologies
AS60943,FIBERLAND SRLS
AS61029,DODW Holding B.V.
AS61098,Exoscale (Akenes SA)
AS61317,Hivelocity LLC
AS61337,Single Mode Networks Ltd
AS61468,CEDIA
AS61510,Cooperativa Telefonica de Calafate Ltda.
AS61615,FALE S.A.
AS62000,SERVERD SAS
AS62080,Adrian Almenar Serrano
AS62141,COMPAGNIE NATIONALE DU RHONE S.A.
AS62227,EKCO CLOUD AND SECURITY LIMITED
AS62310,axilaris GmbH
AS62357,2M-IT Oy
AS62371,Proton AG
AS62538,ipFail Networks
AS62563,GLOBALTELEHOST Corp.
AS62787,Snark Holding Corp.
AS63322,Parler Cloud
AS63734,365 Online technology joint stock company
AS63771,Border Gateway Protocol Network Analysis Project
AS63804,DOVA Corporation
AS63806,Human-life Information Platforms Institute
AS63834,PrimeXM Networks (Singapore) PTE. LTD
AS63927,RISE
AS63949,Akamai (Linode)
AS64238,DNS-OARC
AS64449,Datakonsult Magnus Sandberg
AS131937,Joetsu Cable Vision
AS132003,Network Research Lab
AS132423,Powai
AS133504,PAOCLOUD
AS134111,Commonwealth Scientific and Industrial Research Organ...
AS134148,SingAREN
AS134356,"""NBC Co.",Ltd"
AS134707,RoyalCable Flash
AS135065,National Directorate of Information and Technology
AS135421,"""SALKELD", MATTHEW T/A MATTHEW SALKELD CONSULTING"
AS135659,PT Detroit Network Indonesia
AS135887,Belong (Telstra Limited)
AS135918,VIET DIGITAL TECHNOLOGY LIABILITY COMPANY
AS135932,Viet Storage Technology Joint Stock Company
AS137037,VEBBLE PVT LTD.
AS137074,Responsible Internet Sustainability Effort
AS137409,GSL Networks Pty LTD
AS139049,GIGACOMM PTY LTD
AS141013,GetaFIX Content Network
AS141073,PT Juragan Wifi Indonesia
AS141235,PrimeXM Networks (Singapore) PTE. LTD
AS141681,ONDO LLC
AS141968,PT Industri Kreatif Digital
AS142108,Rotko Networks
AS147040,NEBULA SYSTEMS SDN BHD
AS150000,Data-Beam Business Solution
AS150685,Ching Kuo
AS151704,BHARAT DATACENTER
AS151858,INTERDIGI JOINT STOCK COMPANY
AS152407,PT Netfinity Network Indonesia
AS152533,"""National Institute of Technology Karnataka", Surathkal"
AS152605,Z COM NETWORKS
AS153720,Mark Delany
AS196610,DE-CIX Academy
AS196819,DEMANDO GmbH
AS196954,Epcan GmbH
AS197071,active 1 GmbH
AS197164,IsarNet AG
AS197301,Parknet F.M.B.A.
AS197307,"""Core4Net", s.r.o."
AS197317,Nuuday A/S
AS197540,netcup GmbH
AS197564,Stiftelsen for Internetinfrastruktur
AS197641,Innofinity GmbH
AS197669,CloudCall LTD
AS197696,Evolix SARL
AS197706,Keminet SHPK
AS197712,"""10dencehispahard", S.L."
AS197729,Binect GmbH
AS197892,Spoldzielnia Mieszkaniowa W Nowym Tomyslu
AS197975,LINK Mobility GmbH
AS198024,Istekki Oy
AS198050,Marek Piwowarski trading as ALFA-SYSTEM M. Piwowarski...
AS198060,Darva (Developpement D'applications Sur Reseaux a Val...
AS198161,"""Sokolovska uhelna", pravni nastupce, a.s."
AS198249,Ops One AG
AS198385,AlpineDC SA
AS198721,Progetto8 Srl
AS198725,Ultimum Technologies a.s.
AS198736,Stream Networks Ltd
AS198761,Simac IT NL B.V.
AS198864,"""Queen Mary and Westfield College", University of London"
AS198923,Mitja Herbaj
AS198985,AQUILENET
AS198990,Pine Hosting LTD
AS199081,Lancom Ltd.
AS199128,PET NET DOO Gevgelija
AS199150,Excedo Networks AB
AS199188,PrimeXM Services (Cyprus) Ltd
AS199284,Thueringer Netkom GmbH
AS199297,Vyme SASU
AS199399,National Infrastructures for Research and Technology S.A.
AS199471,Marcel Straub
AS199524,Gcore S.A.
AS199578,Rheinland-Pfaelzische Technische Universitaet Kaisers...
AS199636,Free Pro SAS
AS199811,Wifx SA
AS199860,ATOMDATA JSC
AS199918,Wilton Arthur Poth
AS199937,ANWB B.V.
AS200040,Netgigabit iletisim Hizmetleri Ltd. Sti
AS200129,LHISP S.A.
AS200132,Peter-Paul Maria Kurstjens
AS200185,Aruba S.p.A.
AS200223,Lars Jannick Volkers trading as Etheron Hosting
AS200242,Ember Ana
AS200259,The American University of Paris - association declaree
AS200462,"Lennart Seitz trading as """"ETH-Services"""""
AS200599,eins energie in sachsen GmbH & Co. KG
AS200735,MN Glasfaser GmbH trading as MUENET GmbH & Co. KG
AS200761,Real Comm srl
AS200906,MCT SAS
AS200950,Lyratris Limited
AS200995,BIT BV
AS201011,Core-Backbone GmbH
AS201155,embeDD GmbH
AS201240,Rocket NG GmbH
AS201290,BlackGATE B.V.
AS201463,Infront Financial Technology GmbH
AS201533,United Networks SE
AS201636,Tec6 SAS
AS201644,Brabant Water N.V
AS201773,University of Warwick
AS201838,Community Fibre Limited
AS201860,MyTelco Ltd
AS202032,GOLINE SA
AS202066,Green IT Solutions Sarl
AS202094,FINDER SpA
AS202112,TELMACO S.A
AS202196,Booking.com BV
AS202208,teutel GmbH
AS202288,Matthew Martin
AS202329,Verein zur Foerderung freier Netze Region Mittlerer O...
AS202359,AS207960 Cyfyngedig
AS202401,Webhosting24 GmbH
AS202422,G-Core Labs S.A.
AS202454,Pine Media Ltd
AS202605,"""EMPECOM", s.r.o."
AS202616,Wien Energie GmbH
AS202618,"""Rychly drat", s.r.o."
AS202619,Dovecom LLC
AS202663,VOGANET SARL
AS202693,Erik Schneider
AS202716,WWK Lebensversicherung a.G.
AS202870,Dimensione S.r.l.
AS202898,DEVELOPPEMENT D'APPLICATIONS SUR RESEAUX A VALEUR AJO...
AS202945,Benjamin Collet
AS203020,HostRoyale Technologies Pvt Ltd
AS203215,DATAGROUP Enterprise Services GmbH
AS203296,Kristillinen Media Oy
AS203315,Web Wiz Ltd
AS203352,NEYRIAL CENTRE FRANCE SAS
AS203457,Fundacio Institut de Ciencies Fotoniques (ICFO)
AS203476,GANDI SAS
AS203488,DaLuNET s.r.o.
AS203592,CLOUD & HEAT Technologies GmbH
AS203817,Kuhmon kyläverkko-osuuskunta
AS203847,Marconi Solutions Srls
AS203953,Hiper A/S
AS203995,Lyse Tele AS
AS204003,Jan-Eric Ortgies
AS204035,oneCorp GmbH
AS204053,ADESTIS GmbH
AS204057,Duomenu apdorojimo centras LTD
AS204058,"""Fibris", s.r.o."
AS204059,Neutrinet ASBL/VZW
AS204064,CEZNET s.r.o.
AS204092,Association GRIFON
AS204203,Atrin Information & Communications Technology Company PJS
AS204253,CTS Eventim Solutions GmbH
AS204279,Eltrona Interdiffusion S.A.
AS204310,Synergies GmbH
AS204334,Vassbacks Fibernat ek. for.
AS204467,AIRSTREAM SRL
AS204471,2S Computers SRL
AS204666,Jiri Tlapak
AS204770,UAB Cherry Servers
AS204778,Paul Nicholas Lewis
AS204779,Local Loop Oy
AS204796,Krones AG
AS204847,Borgholms Kommun
AS205007,Maxim Azarov trading as eServer
AS205094,Tivon Haeberlein
AS205100,F3 Netze e.V.
AS205235,Labitat
AS205400,VIVO CONNECTION spol. s r.o.
AS205425,CTS Eventim Solutions GmbH
AS205617,"P. van den Belt is trading as """"QSIT"""" V.O.F."
AS205787,Public Cloud Ltd.
AS205790,DCSO Deutsche Cyber-Sicherheitsorganisation GmbH
AS205975,Fibre Assets Ltd
AS205976,Arribatec Cloud AS
AS206067,Hutchison 3G UK Limited
AS206114,Gavle Energi AB
AS206177,SitePark s.r.o.
AS206186,Stowarzyszenie e-Poludnie
AS206238,Freedom Internet BV
AS206420,KABEL servis Praha spol. s r.o.
AS206548,ZCOM.cz s.r.o
AS206610,Mixvoip S.A.
AS206912,Superdach LTD
AS206924,Ben Cartwright-Cox
AS207003,Web1 Oy
AS207083,HostSlim B.V.
AS207146,Netikom SRL
AS207160,Factory Campus Verwaltungs-GmbH
AS207176,OPENFIBER B.V.
AS207252,Felix Gassan
AS207375,Fiber Operator B.V.
AS207727,Asbjorn Sloth Tonnesen trading as a5n
AS207825,Datarymden Internet AB
AS207841,Inferno Communications Ltd
AS207849,ESIEESPACE
AS207886,ECOMP spol s r.o.
AS207894,Gemeente Sudwest-Fryslan
AS207995,Lightning Fibre
AS208098,THREDD UK LIMITED
AS208135,Carl Fabian Luepke
AS208183,Internetmanufaktur Karlsruhe UG (haftungsbeschraenkt)
AS208323,Foundation for Applied Privacy
AS208449,"Micky Del Favero trading as """"BeeCloudy.net"""""
AS208453,Johan Karlsson (SweHosting)
AS208563,CodeReactor Limited
AS208590,Lasagna Ltd
AS208725,Devrandom.be BV
AS208772,Freifunk Stuttgart e.V.
AS208789,SENAT
AS208906,"""SYNOT ICT Services", a.s."
AS208907,Chris Lawrence
AS208920,Rocket Way S.R.L.
AS208927,WILO SE
AS208951,ITGLOBAL.COM NL B.V.
AS208972,GIBIRNet Iletisim
AS208974,Internetmanufaktur Karlsruhe UG (haftungsbeschraenkt)
AS209040,SeWiKom GmbH
AS209049,MICHCOM LIMITED
AS209090,Association Stolon
AS209097,NETSYST SAS
AS209103,Proton AG
AS209198,Offshore Renewable Energy Catapult
AS209252,PGL ESPORTS SRL
AS209347,FNorden e.V. - Freifunk Hannover
AS209424,FASTSPEED A/S
AS209465,VIG SERVICES SHQIPERI Sh.p.k.
AS209710,SNRD NETWORKS LIMITED
AS209735,Lagrange Cloud Technologies Limited
AS209815,SNC ALTAREA MANAGEMENT
AS209847,WorkTitans B.V.
AS209894,Foerderverein Freie Infrastruktur e.V.
AS209915,trivago N.V.
AS210036,Rayhaan Ahmad Jaufeerally
AS210140,GAVLEBORGS LANS LANDSTING
AS210303,Hamburg Port Authority AoeR
AS210374,Pedro Direito
AS210429,Hizakura B.V.
AS210793,Altonetz GmbH
AS210805,Open Infra ISP Production International AB
AS211186,Fast Telecom P.C.
AS211309,Obos Nett AS
AS211327,CODEVAULT SRL
AS211381,Podaon SIA
AS211462,Andrei Tiberiu Holt
AS211588,Innovation Harbor B.V.
AS211623,NAML B.V.
AS211694,Alpes Networks SAS
AS211809,VALITY SA
AS211997,EHO.LINK SAS
AS212027,PebbleHost Ltd
AS212049,Jonathan Nebel
AS212109,Squirrel Internet Ltd
AS212123,Jori Vanneste
AS212245,Stephanie WILDE-HOBBS
AS212271,Cinzia Tocci trading as Lumanex Srl
AS212321,PC A LA CARTE SASU
AS212323,Daedalean AG
AS212623,NysaNet sp. z o.o.
AS212815,Dyjix SAS
AS212832,Association REPTIGO
AS212855,Jelle Luteijn
AS212865,netconnect AG
AS212882,dnx network sarl
AS213052,Bram Wittendorp trading as BittenBytes
AS213155,Yettel Hungary Ltd.
AS213279,Reliably Coded B.V.
AS213392,Tan Siewert
AS213468,HD-decor Oy
AS213495,SERVITRO LTD
AS213576,Robert Weir
AS213605,Liu HaoRan
AS213669,Varadi Daniel
AS213768,Thomas Neumann
AS214008,Exagenius SAS
AS214213,START - Sines Transatlantic Renewable & Technology Ca...
AS214331,Teske Virtual System Ltda
AS214347,Massive Dynamic Technical Services Limited
AS214439,"""Zhuhai Xiyun Cloud Technology Co.", Ltd."
AS214556,Vexura UG (Haftungsbeschraenkt)
AS214564,Bruce Moriarty
AS214640,Hostup AB
AS214696,Uncollapse LLC
AS214822,MT FINANCE LLC
AS214996,netcup GmbH - Manassas
AS215023,LIMEE NETWORK LTD
AS215085,Maik Polman trading as PixelHosting
AS215147,Schleyer-EDV UG
AS215248,Bastiaan Mathijs Brink
AS215250,Tobias Fiebig
AS215370,Thomas Sebastiaan Viet trading as Wasabi Hosting
AS215444,MOA Group GmbH
AS215467,Skhron OU
AS215605,Shams Hanna trading as InformatiQ
AS215680,Luc Haaijer trading as Ferox Hosting
AS215704,NGN CZ s.r.o.
AS215733,Blacknight Internet Solutions Limited
AS215740,Netulu Incorporated
AS215960,Hollander & Jacobsen UG (haftungsbeschraenkt)
AS216104,Photonic Networks Ltd
AS216107,Noah van der Aa trading as Frumentum Media
AS216139,Iron Hosting Centre LTD
AS216176,Maurice Preuss
AS216333,NetDev UG (haftungsbeschraenkt)
AS216350,Fortnox Aktiebolag
AS216368,Petersburg Internet Network ltd.
AS262248,Metro MPLS
AS262287,Latitude.sh LTDA
AS263224,EMPRESA DE TELECOMUNICACIONES MULTIMEDIA ALFA
AS263759,CELERO NETWORKS CORP
AS263771,"""IP NET", C.A."
AS263781,"""ONNO NETWORKS", SOCIEDAD ANÓNIMA"
AS263824,Central TV and Internet Limited
AS264660,MESH COMUNICACIONES C.A.
AS264811,AIR LINK COMMUNICATIONS
AS265551,TELEVISION POR CABLE TEPA S.A DE C.V
AS265867,Trans Ocean Network
AS266671,CONFIARED S.R.L.
AS266832,CONEXIONES TECNOLOGICAS Y COMUNICACION S.A.S.
AS269938,ADN TELECOM S.A.C.
AS270009,GUALAN JAPON LUIS JOAQUIN (SARAGUROSNET)
AS272809,"""THUNDERNET", C.A."
AS272839,NETCALLS SOCIEDAD DE RESPONSABILIDAD LIMITADA
AS273002,TRACTORAL SOCIEDAD ANONIMA
AS273041,Universidad de San Carlos de Guatemala
AS273103,TV&MÁS S.A.S
AS273147,MUNICIPALIDAD DE CARRILLO GUANACASTE
AS273149,PUNTO DE TRAFICO DE INTERCAMBIO DE INTERNET GUATEMALA...
AS327750,JENNY INTERNET (PTY) LTD
AS327822,Airpark Beaufort West CC
AS327824,Converged Telecoms
AS327831,Djibouti Data Center SARL
AS327849,DIRECTEL COMMUNICATIONS (PTY) LTD
AS327864,AlbideyNet
AS327934,SOCIETE NATIONALE DES TELECOMMUNICATIONS (Tunisie Telecom)
AS328162,Icolo Ltd
AS328266,Atomic Access
AS328391,Rocking Connect PTY (LTD)
AS328594,SUDATCHAD SA/CA
AS328856,VIJIJI CONNECT LIMITED
AS328870,SynBurst (Pty) Ltd
AS328913,ST DIGITAL
AS328964,Insight Actuarial Solutions (Pty) Ltd
AS329109,Zoodlabs(SL) Limited
AS329181,Bluedog Technology
AS329325,Maxko for Gaming Development
AS393249,University of British Columbia
AS393460,NMSURF
AS393577,Tritan Development
AS393773,Oracle Corporation
AS393886,"""Leaseweb USA", Inc."
AS393960,Host4Geeks LLC
AS394177,Shift Hosting LLC
AS394256,Tech Futures Interactive Inc.
AS395035,LiveOak Fiber
AS395379,SCI REMC
AS395412,VS Media Inc.
AS395651,Tahoe Internet Exchange (TahoeIX)
AS395823,doof.net
AS396185,GILES-CRAIG COMMUNICATIONS INC.
AS396190,"""Leaseweb USA", Inc."
AS396362,"""Leaseweb USA", Inc."
AS396503,WestConnect Communications
AS396515,YYCIX
AS396952,"""Net253", LLC"
AS396982,Google Cloud Platform
AS396993,Soraxus Networks Inc.
AS397018,Cloud Propeller
AS397068,CarolinaConnect Cooperative
AS397097,"""Infrastructure Management Associates", Inc."
AS397168,National Capital Freenet Inc
AS397376,IFN
AS397412,Tachus Fiber Internet
AS397727,Atlantic IXPs Inc.
AS397990,Williamslabs LLC
AS398065,Fritz Lab LLC
AS398113,Gateway Fiber LLC
AS398395,PureVoltage Hosting Inc.
AS398447,"""OHANACRAFT", LLC"
AS398493,System In Place
AS398960,Cryoflesh Inc
AS398986,secured.gg (Gameserverkings)
AS399016,Canadian Fiber Optics Corp.
AS399105,CECREVIER
AS399242,CodingFlyBoy LLC
AS399275,Solid Systems LLC
AS399580,Radish Networks
AS399760,Zabbly
AS399898,Conexon Connect
AS399899,Lightening Systems
AS400212,VergeTel Group LLC
AS400245,AlphaCentri Corporation
AS400304,Redoubt Networks (Crunchbits)
AS400371,PUEBLO OF LAGUNA UTILITY AUTHORITY
AS400564,"""Weston Reed", Sole Proprietorship"
AS400566,Sergio Zygmunt
AS400644,BGPKIT LLC
AS400719,RJN Services
AS401332,Triplebit
AS401446,Converted Networks LLC
AS401486,RAVNIX LLC
AS401742,ServerOptima