AS71,Hewlett Packard Enterprise
AS161,Texas Instruments Incorporated
AS297,National Aeronautics and Space Administration
AS929,KIRINO LLC
AS992,Modest Labs LLC
AS1011,Accutar Biotechnology (Canada) Inc.
AS1660,Verizon Business
AS1738,OP Osuuskunta
AS1780,Valmet Oyj
AS2562,Texas Instruments Incorporated
AS2639,ZOHO
AS2877,Latvian Shipping Company
AS3298,Societe Generale S.A.
AS3332,Swedbank Estonia
AS3333,Reseaux IP Europeens Network Coordination Centre (RIPE NCC)
AS3379,"""Kaiser Foundation Health Plan", Inc."
AS3743,Cleveland Cliffs Steel LLC
AS4622,Indonesia Network Information Center
AS4783,SYSTEX Corporation
AS5091,"""Stripe", Inc."
AS5413,Wavenet Limited
AS5420,Kemira Oyj
AS5536,Xyberdata
AS6507,"""Riot Games", Inc"
AS6707,D-Market Elektronik Hizmetler Tic. A.S.
AS6833,Terranets bw GmbH
AS6852,UB Securities Ltd.
AS7345,Nokia of America Corporation (fka. Alcatel-Lucent)
AS7726,FedEx Internet Technologies Corporation
AS8218,Zayo Europe
AS8221,ISABEL N.V.
AS8240,Information System Authority Republic of Estonia
AS8303,Westdeutscher Rundfunk Köln
AS8315,Accenture B. V.
AS8373,Deutsche Bank AG
AS8454,FMO Flughafen Muenster/Osnabrueck GmbH
AS8518,Radio Free Europe/Radio Liberty
AS8528,RENAULT SAS
AS8549,Kyndryl Deutschland Aviation Industry Services GmbH
AS8983,Nokia Solutions and Networks Oy
AS9091,Swedbank Latvia
AS9099,Finanz Informatik GmbH & Co. KG
AS9159,Credit Agricole SA
AS9221,HSBC HongKong
AS9293,NTT Com Asia Limited
AS9341,PT Indonesia Comnets Plus
AS9423,"""ServerKing.io", LLC"
AS9498,Bharti Airtel Ltd.
AS10248,"""Blue Ridge Bankshares", Inc."
AS10273,Florida Power & Light Company
AS11106,"""Wolfram Research", Inc."
AS11281,Roblox (Office)
AS11323,"""Getty Images (Seattle)", Inc."
AS11652,"""Kaiser Aluminum Fabricated Products", L.L.C."
AS11703,MaRS Discovery District
AS11740,Progressive Casualty Insurance Company
AS11820,"""Wikimedia Foundation", Inc."
AS11913,Elevate Homescriptions
AS12291,Deutsche Post AG
AS12565,GROUPE LDLC SA
AS12613,Firebrick Limited
AS12663,Vodafone Italia S.p.A.
AS12678,Badoo Trading Limited
AS12696,AXA Technology Services France GIE
AS12729,HSBC BANK ANONIM SIRKETI
AS12748,IAV GmbH Ingenieurgesellschaft Auto und Verkehr
AS12811,Auchan Retail International SA
AS12965,SEB Latvia
AS12990,Ringier Axel Springer Polska Sp. z o.o.
AS13009,Redcentric Solutions Ltd
AS13013,Hewlett Packard France S.A.S.
AS13014,Hewlett Packard France S.A.S.
AS13138,Turk Ekonomi Bankasi Anonim Sirketi
AS13244,Rietumu Bank
AS13414,Twitter Inc.
AS13781,Hopkinsville Electric System
AS14114,SAP NIE
AS14203,"""Juniper Networks", Inc."
AS14340,"""Salesforce.com", Inc."
AS14725,Crawford & Company
AS14740,Magna5 MS LLC
AS14749,Russellville Electric Plant Board
AS15160,Bank of Montreal
AS15248,Metaswitch Networks Corp.
AS15451,DATEV eG
AS15465,Siemens AG
AS15548,"""Cajamar Caja Rural", Sociedad Cooperativa de Credito"
AS15590,Atruvia AG
AS15605,Connesi S.p.A.
AS15684,OPTICOM SIA
AS15790,Finanz Informatik GmbH & Co. KG
AS15810,"""Banco Bilbao Vizcaya Argentaria", S.A."
AS15818,GASO (LATVIJAS GAZE AS)
AS15937,ADIF
AS15995,SEB Lithuania
AS16062,"""Latvijas tikli", SIA"
AS16080,Payplug Enterprise SAS
AS16203,NCG Banco SA
AS16279,Citadele Group
AS16625,"""Akamai Technologies", Inc."
AS17314,"""Red Hat", Inc."
AS17331,Dash Cloud
AS17371,Bank of Montreal
AS17372,Bank of Montreal
AS17450,PT Bank Central Asia Tbk
AS17537,HKBN JOS Synergy (HK) Limited
AS17904,Sri Lankan Airlines
AS18055,Department of Human Services
AS18365,PT Gramedia Asri Media
AS18437,"""Pitt-Ohio Express", LLC."
AS19366,Fibertown Data Centers
AS20075,Radio Free Europe/Radio Liberty
AS20509,Elko Grupa as
AS20681,Saxo Bank A/S
AS20748,Caixabank S.A.
AS20763,Bank BPH S.A.
AS21420,Swedbank Lithuania
AS21490,Alisa Pankki Oyj
AS21785,"""Red Hat", Inc."
AS22071,TS Imagine INC
AS22348,"""Cognition AI", Inc."
AS22360,"""Red Hat", Inc."
AS22753,"""Red Hat", Inc."
AS23058,Discovery Health
AS23414,Autoridad del Canal de Panama
AS23820,"""Rakuten Group", Inc."
AS23954,PT Bank Mandiri (Persero) Tbk
AS24396,Bank of China (Hong Kong) Limited
AS24430,China Post
AS24730,Garnier Projects BV
AS24809,If Skadeforsakring AB
AS24823,VTB Bank (Public Joint-Stock Company)
AS24879,BANK POLSKA KASA OPIEKI S.A.
AS24972,Lursoft IT
AS25011,OeBB Infrastruktur AG
AS25107,Industra Bank
AS25182,Nederlandse Publieke Omroep
AS25213,Hiab Oyj
AS25244,deCode genetics Ltd.
AS25428,Colruyt Group NV
AS25512,CD-Telematika a.s.
AS25518,ZUCCHETTI SPA
AS25581,GMG AG
AS25717,Essity Hygiene and Health
AS26221,Bank of Montreal
AS26227,Sandelman Software Works Corporation
AS27277,Space Exploration Technologies Corporation
AS27910,Banco Industrial
AS28166,Telecom South America - TESA Telecom
AS28646,Confederação Int. das Coop. Ligadas ao SICREDI
AS28680,IKEA IT AB
AS28705,Cybase Limited
AS28788,Dustin NL B.V.
AS28979,dm-drogerie markt GmbH + Co. KG
AS29042,Hermes Europe GmbH
AS29067,Hostmaster LLC
AS29139,Maersk
AS29264,CANAL+ TECH SAS
AS29266,Danmarks Radio
AS29470,RETN Moscow
AS29601,UPM-Kymmene Oyj
AS29647,HINA - Hrvatska Izvjestajna Novinska Agencija
AS29816,Southwest Airlines Co.
AS30915,Liebherr-IT Services GmbH
AS31154,Toyota Motor Europe SA
AS31262,EDICOM CAPITAL S.L.
AS31399,Mercedes-Benz Group AG
AS31413,Super Bock Bebidas S.A.
AS31511,Infrabel NV
AS31976,"""Red Hat", Inc."
AS32201,Husky Technologies
AS32348,EIDOS-MONTREAL
AS32491,Tucows.com Co.
AS32590,Valve Corporation
AS33741,Dennis Group
AS33814,Rolls-Royce Power Systems AG
AS33830,Bankalararasi Kart Merkezi AS
AS33867,airBaltic Corporation
AS34156,DB Systel GmbH (German Railway)
AS34403,ING BANK ANONIM SIRKETI
AS34409,Polska Press Sp. z o.o.
AS34417,BluOr Bank
AS34437,CovertHart Networks
AS34478,TUBITAK Ulusal Elektronik ve Kriptoloji Arastirrma En...
AS34535,"""Standart AG", LLC"
AS35036,"Akciju sabiedriba """"RD ALFA"""""
AS35237,Sberbank of Russia PJSC
AS35333,SIA NETVISION
AS35484,"SIA """"ALSO Latvia"""""
AS35574,BRIGHTSTAR LOTTERY S.P.A.
AS35600,Vedege SAS
AS35636,SIA Worldline Latvia
AS35676,La Poste S.A.
AS35734,"SIA """"PNB Print"""""
AS35809,"SIA """"DIVI Grupa"""""
AS35995,Twitter Inc.
AS36385,Google (Corporate Network)
AS36459,"""GitHub", Inc."
AS36599,"""SoftEther Telecommunication Research Institute", LLC"
AS37028,First Rand Bank Limited
AS37497,Network Platforms (PTY) LTD
AS37725,Xyberdata
AS38381,TravelSky Technology Limited
AS38494,PT Bakrie & Brothers Tbk
AS38498,Bank Maybank Indonesia
AS38529,Reliance Industries Limited WAN Backbone Interface wi...
AS38567,PT Rekayasa Industri
AS38846,"""Wolf Feather Culture Information Co.", Ltd."
AS39083,David Froehlich
AS39472,Arion Banki hf
AS39532,Landsbankinn hf
AS39688,"JSC """"OTP BANK"""""
AS39829,Iristel Romania SRL
AS39937,"""LTech Solutions", Ltd."
AS40955,"""Red Hat", Inc."
AS41067,SEB Russia
AS41621,Agencja Reklamowa CzART sp. z o.o.
AS41726,"SIA """"B2 Impact"""""
AS41878,Crosskey Banking Solutions Ab Ltd
AS41960,Nextpertise B.V.
AS41983,Kaspersky Lab Switzerland GmbH
AS42078,XOTEL SIA
AS42663,SIA LATVIJAS TALRUNIS
AS42849,SIA KODO IT (DATALAT)
AS43037,"""Seznam.cz", a.s."
AS43355,GATWICK AIRPORT LIMITED
AS43397,items GmbH & Co. KG
AS43682,SEB Estonia
AS43897,TECE GmbH
AS43956,Latvijas Finieris A/S
AS43973,QIWI JSC
AS44022,Barclays Bank PLC
AS44320,Skandinaviska Enskilda Banken AB
AS44534,YANDEX LLC
AS44595,AO Publishing House Seven Days
AS44644,Árvakur hf
AS44949,Gigacodes GmbH
AS45062,NetEase
AS45131,REANNZ Head Office
AS45314,PT Medco E&P Indonesia
AS45566,Google APAC Corporate Network
AS45736,DCS1 - Lighthouse Canton
AS45748,PIA : Pakistan International Airlines
AS45806,Siam Commercial Bank
AS46022,PT Aliansi Sakti
AS46024,PT Bank Negara Indonesia (Persero) Tbk
AS46644,Social Blade LLC
AS47284,Motor Insurers Bureau of Latvia
AS47446,Barclays Bank lreland PLC
AS47536,PathConnect GmbH
AS47545,Verkís hf
AS47679,GROUPE NEOTECH SAS
AS47764,LLC VK (Mail.ru)
AS47828,Rapyd Europe hf.
AS47941,Red Hat Ltd
AS48070,DSM (GB) Limited
AS48075,S.W.I.F.T. SC
AS48352,LIS Logistische Informationssysteme GmbH
AS48821,Mauve Mailorder Software Verwaltung GmbH
AS48867,Regional Investment Bank
AS48918,Globalways GmbH
AS48927,ESEVEN DevOps GmbH
AS48972,BetterBe B.V.
AS49036,"SIA """"Euro Live Technologies"""""
AS49419,Iver Sverige AB
AS49473,AZV- Südholstein AöR
AS49552,OpenSource Security GmbH
AS49670,Insta DefSec Oy
AS50040,ANO TV NOVOSTI
AS50156,Boxed IT Ltd.
AS50323,LEGO System A/S
AS50485,Belam - Riga SIA
AS50628,Leonix Telecom SAS
AS50731,PRO-9 SIA
AS50807,Inspiretec LTD
AS50845,Verifone Systems France SAS
AS50943,HHLA Hamburger Hafen und Logistik AG
AS51268,Magnetiq Bank
AS51296,Handpoint ehf
AS51335,CELESTE SAS
AS51338,SIA Latvijas Propana gaze
AS51347,ESTERIA (SMS solutions SIA)
AS51405,Voipgate S.A.
AS51610,Signet Bank
AS51625,Turkish Airlines Inc.
AS51735,"""Pernod Ricard Slovenija", Trgovina in storitve, d.o.o."
AS51894,SIA Mikrotīkls / MikroTik
AS51939,Terra Management Consulting Ltd
AS51985,Adenis SAS
AS52004,Lindex Group Oyj
AS52144,MyBit Services BV
AS54115,Facebook (Corporate)
AS54175,WB Games Montreal Inc
AS54528,"""Richie Software USA", Inc."
AS55562,SIX Financial Information Singapore Pte Ltd
AS55966,Post Savings Bank of China
AS56248,PT Indah Kiat Pulp & Paper Tbk
AS56323,Eco Baltia AS
AS56454,Tilde SIA
AS56496,TV 2 Danmark A/S
AS56901,"""ServerKing.io", LLC"
AS56938,MAGNUM MEDICAL SIA
AS56953,N.V. Nederlandse Gasunie
AS56984,ifm electronic GmbH
AS56987,ABACLOUDA SAS
AS57066,Yleisradio Oy
AS57154,Stadtwerke Konstanz GmbH
AS57382,Telecommunication Tokelau Corporation Teletok
AS57630,84 Grams AB
AS57829,IVER
AS57946,RPH Business Support AS
AS58082,Messagenet S.p.A.
AS58182,Wix.com Ltd.
AS58308,Cusae SAS
AS58385,PT Bank Syariah Mandiri
AS58449,PT Nusa Satu Inti Artha
AS58484,PT Pratesis
AS58816,PT Garena Indonesia
AS58921,Capricorn Society Limited
AS59073,Bank of China Limited
AS59339,BLACKBIRD IT PTY LTD
AS59689,CODE40 SAS
AS59807,Swedbank AB
AS59967,SIA EVOLUTION LATVIA
AS60254,GLS IT Services GmbH
AS60284,Axpo Systems AG
AS60318,VSELINK LLC
AS60345,icixs networks GmbH
AS60350,VENTE-PRIVEE.COM SA
AS60436,KBC GLOBAL SERVICES NV
AS60608,Olympic Entertainment Group AS
AS60679,Freedom Registry BV
AS60720,Telenet Solution Ltd
AS61005,OpenTLD BV
AS61007,OpenTLD BV
AS61013,Alliander N.V.
AS61232,redIT Services AG
AS61277,ScienceSoft SIA
AS61977,Path Global UK Limited
AS62058,Belgian Radio-television of the French Community
AS62485,"""ServerKing.io", LLC"
AS62750,Liberty Media Corporation
AS62830,RiotGames
AS62955,"""eBay", Inc"
AS63126,Aptient Consulting Group Inc.
AS63179,Twitter Inc.
AS63294,DigitalFilm Tree LLC
AS63515,Indonesia Network Information Center
AS63593,HeyTap PTE.LTD.
AS63861,PT Aktif Tengah Malam
AS64421,SERTEX (ELEKOP)
AS131659,NETEASE
AS131697,PT Samudera Indonesia Tbk
AS131732,PT Cogindo DayaBersama
AS132164,PT Darta Media Indonesia
AS133116,Kalgoorlie Consolidated Gold Mines
AS133213,TEAM Manufacturing Company Ltd.
AS133843,PT Bank Rakyat Indonesia (Persero) Tbk
AS134220,Lightwire LTD
AS134489,S. B Link Network
AS134544,Cenbong Int'l Holdings Limited
AS134632,PT Lippo Malls Indonesia
AS135441,PT Fasa Centra Artajaya
AS135445,PT Airpay International Indonesia
AS135476,PT Bank Tabungan Pensiunan Nasional
AS135483,PT Wisesa Consulting Indonesia
AS135847,Ioeaccess Communications Private Limited
AS136095,PT Timerindo Perkasa International
AS136117,PT Bank Pembangunan Daerah Jawa Barat & Banten
AS136126,PT Blue Bird Tbk
AS136766,"""ROBLOX (SHENZHEN) DIGITAL SCIENCE AND TECHNOLOGY CO.", LTD"
AS136769,"""Guangzhou Fengyun Information Technology Co.", Ltd."
AS136888,PT Petro One Indonesia
AS136964,NZ Safety Blackwoods
AS137019,neuCentrIX
AS137263,NETEASE HONG KONG LIMITED
AS137288,PT Ungaran Sari Garments
AS137331,PT Cloud Teknologi Nusantara
AS137357,PT Bukit Makmur Mandiri Utama
AS137369,PT Integral Data Prima
AS137383,PT Mandiri Sekuritas
AS137735,China Construction Bank
AS137758,Industrial and Commercial Bank of China Limited
AS138073,PT Elnusa Tbk
AS138341,Shopee Singapore Pte. Ltd.
AS138883,PT Asuransi Jiwa Generali Indonesia
AS139148,"""China UnionPay Co.", Ltd"
AS139656,ANZ BANK NEW ZEALAND LIMITED
AS139986,PT Henan Putihrai Sekuritas
AS140415,PT Jasamarga Tollroad Operator
AS140467,PT Kreatif Global Solusindo
AS140940,PT Bank Seabank Indonesia
AS140982,DCS1 - Broadside
AS141253,Hyosec Solutions Private Limited
AS141666,PT Industri Kereta Api
AS147039,Cyprea Private Limited
AS147112,PT Meetaza Prawira Media
AS149037,Mavorion Systems
AS149546,B G CHITALE
AS149753,PT Global Sarana Mediakom
AS150006,Aloi Pte. Ltd.
AS150158,"""PHSS Camindo", Ltd. "
AS150480,PT Swara Logika Laboratory
AS151332,CoinJar Pty Ltd
AS151544,PDWNet
AS151573,PT Kereta Cepat Indonesia China
AS152626,Cloudbase Network
AS152772,PT Prosperita Sistem Indonesia
AS152909,SaferCities
AS153129,PT Cashlez Worldwide Indonesia Tbk
AS196731,egeplast international GmbH
AS197115,KEVA
AS197289,AS HELMES
AS197347,Allianz Arena Muenchen Stadion GmbH
AS197403,Íslandsbanki hf
AS197446,SIA Vitol Terminal Latvia
AS197466,SIA 3ENITH
AS197759,Enapter AG
AS197870,"S.I.A.""""IBANPAY"""""
AS197930,Haahtela-kehitys Oy
AS198147,Telecommunication Tokelau Corporation Teletok
AS198417,DSM Grup Danismanlik Iletisim ve Satis Ticaret Anonim...
AS198606,AMST-Systemtechnik GmbH
AS198761,Simac IT NL B.V.
AS198912,SITA
AS199031,SIA Amberbit
AS199034,"SIA """"Baltic project group"""""
AS199963,Mack International GmbH trading as Europa-Park GmbH &...
AS199980,IVENDO sp. z o.o.
AS200180,PT. Premium Fast Network
AS200202,Fuze III SARL
AS200249,Products Up GmbH
AS200432,Teya Iceland hf
AS200567,Wireless Logic mdex GmbH
AS200587,Red Bee Media B.V.
AS200609,CHDE Polska Spolka Akcyjna
AS200696,Ålands Penningautomatförening
AS200846,d.velop AG
AS201012,KEH eCommerce LLC
AS201110,Andritz AG
AS201126,CDW Ltd
AS201154,IKEA IT AB
AS201271,Nordea Bank Abp
AS201273,cubequadrat OU
AS201286,Red Hat Ltd
AS201315,SIA BFA
AS201321,ITQS IKE
AS201574,LATVIJAS LOTO VAS
AS201611,SmartLynx Airlines
AS201673,"""""Verifone Baltic"""" SIA"
AS201991,Metsäliitto Osuuskunta
AS202003,Avast Software Romania S.R.L.
AS202032,GOLINE SA
AS202049,Encrypted Email Finland Ltd
AS202172,Migadu-Mail Gmbh
AS202191,Katoen Natie
AS202494,Turkiye Petrol Rafinerileri Anonim Sirketi TUPRAS
AS202526,HENSOLDT Optronics GmbH
AS202555,SIA Tamro
AS202589,TestDevLab-SIA
AS202617,Kering Eyewear S.p.A.
AS202756,Radio Free Europe/Radio Liberty
AS202863,OPTIBET LTD
AS203176,Reiknistofa bankanna hf.
AS203372,GSA Capital Services Ltd
AS203491,"""Estoril Sol Digital", Online Gaming Products And Servi..."
AS203511,OZBAY BILISIM INTERNET HIZMETLERI LIMITED SIRKETI
AS203898,Cloudflare London Office
AS203968,aiticon GmbH
AS204130,"""DLV", sia"
AS204355,Telicity Communications SAS
AS204411,Bigbank AS
AS204445,DB Systel GmbH (Public WiFi)
AS204702,Deutsche Windtechnik GmbH & Co. KG
AS204706,JSC Kolesa
AS204748,INDUSTRIA DE DISENO TEXTIL SOCIEDAD ANONIMA
AS204857,BerryByte Limited
AS205037,Kisters AG
AS205080,SITA
AS205111,ZOHO Corporation B.V
AS205310,Beiersdorf Shared Services GmbH
AS205461,Pole emploi
AS205583,PC Yellow bv
AS205614,Medialine EuroTrade AG
AS205625,Winfinity
AS205627,Daimler Truck AG
AS205757,The Walt Disney Company Medya Eglence Ve Tic Ltd. Sti.
AS205821,SIA Arena Riga
AS206141,Duisburger Versorgungs- und Verkehrsgesellschaft mbH
AS206470,Menzel IT GmbH
AS206520,HUB logistics Finland Oy
AS206541,Kreiss
AS206662,Inventx AG
AS206713,France Televisions SA
AS206718,Radio Free Europe/Radio Liberty
AS206970,Avira Holding GmbH
AS207047,Raiffeisen Bank Kosovo JSC
AS207063,"""Kentik Technologies", Inc."
AS207112,"""REN - Rede Energeticas Nacionais", S.A."
AS207254,AS Postimees Grupp
AS207377,Evolution Latvia SIA
AS207595,Hestronic BV
AS207689,Teikums JT SIA
AS207804,DSS AB
AS207851,Fara AS
AS207994,Blockchain Creek B.V.
AS208177,Center-invest Bank
AS208272,VR-Group Ltd
AS208315,Frauscher Sensor Technology Group GmbH
AS208840,F&B Capital GmbH
AS208880,YAPI VE KREDI BANKASI A.S.
AS208938,Food Union
AS208987,Suomen Videoviestinta SVV Oy
AS209195,CAJA DE SEGUROS REUNIDOS COMPANIA DE SEGUROS Y REASEG...
AS209199,Cloud Unboxed Limited
AS209299,Ambientia Group Oy
AS209379,Pengutronix e.K.
AS209623,GASCADE Gastransport GmbH
AS209704,Belgium National Railway Company
AS209818,OMEGA LTD
AS209846,SWP Stadtwerke Pforzheim GmbH & Co. KG
AS209915,trivago N.V.
AS209994,LV Informatique SASU
AS210000,TwentyWAN MB
AS210035,Stiftung Mathias-Spital Rheine
AS210167,Valmet Automation Oy
AS210303,Hamburg Port Authority AoeR
AS210333,Inter Krankenversicherung AG
AS210668,SIA Spotrix
AS210886,Magnetiq Bank
AS211135,Mirka Oy
AS211169,CaramelFox Networks LLC
AS211424,"SIA """"LSK Studios"""""
AS211452,Kanton Appenzell Ausserrhoden
AS211527,"SIA """"Orkla Latvija"""""
AS211727,Horst Bode Import-Export GmbH
AS211793,"""""Ingo Armenia"""" Insurance CJSC"
AS211838,"SIA """"Aizdevums.lv"""""
AS211885,Prodimpekss Logistikas Grupa SIA
AS212038,ACTICO GmbH
AS212065,WDES SAS
AS212132,Evolution Latvia SIA
AS212223,Buy Way Personal Finance SA trading as BUY WAY SERVIC...
AS212664,Pori Energia Oy
AS212676,SIA Decta
AS212717,Tietoevry Banking Latvia SIA
AS212828,Tom Hatzer trading as twopeaks digital e.U.
AS213002,DH Bulut Bilisim Anonim Sirketi
AS213022,"SIA """"DPD Latvija"""""
AS213202,Cloudnet Computing Ltd
AS213427,Bjarn Bronsveld trading as Lettermint V.O.F.
AS213685,NarDatabank Bilisim ve Teknoloji Anonim Sirketi
AS214710,nLogic AS
AS214792,Hamburger Hochbahn AG
AS215044,OBT AG
AS215057,Opera della Primaziale Pisana
AS215168,Akos Miklos
AS215444,MOA Group GmbH
AS215449,Avionero AB
AS215537,E-karte SIA
AS215712,Printful Latvia AS
AS215756,Schmitz-Werke GmbH + Co. KG
AS215823,Spaugur ehf.
AS215833,Ablative Consulting Ltd
AS215955,ALTEASYSTEMS OU
AS216421,Adven Group Oy
AS262303,eCentry Tecnologia da Informacao Ltda
AS263358,Centro B. de P. em A. e S. e de P de Eventos
AS268850,IXC Soft
AS270421,NU PAGAMENTOS SA
AS270532,IB TURBO
AS271541,HAVAN SA
AS273731,MGDATA TECNOLOGIA LTDA
AS274524,Eucatur Transporte e Turismo Ltda
AS328238,INFOSET SARL
AS328578,KEMNET TECHNOLOGIES LIMITED
AS328964,Insight Actuarial Solutions (Pty) Ltd
AS329016,Adumo Technologies  (Pty) Ltd
AS329265,Commercial Bank of Ethiopia
AS329418,International Centre for Research in Agroforestry
AS393658,"""Atypon Systems", Inc."
AS394230,"""Civilized Discourse Construction Kit", Inc."
AS394265,Box.com
AS394270,Cabi LLC
AS394337,Simeon Networks LLC
AS394456,Epik LLC
AS394637,LightChange Technologies
AS394649,"""LotusFlare", Inc."
AS395044,APT Labs
AS395266,"""Keysight Technologies", Inc"
AS395677,GTAA
AS396320,Metropolitan Airports Commission
AS396940,HTH
AS397045,D. Brown Management
AS397140,Amarillo National Bank
AS397441,Nebula Mods
AS397700,LXXIX Project Lab LLC
AS397736,Beacon Federal Credit Union
AS398726,Cabbit Technology LLC
AS399140,"""Red Hat", Inc."
AS399265,"""Red Hat", Inc."
AS399358,"""Anthropic", PBC"
AS399647,Rumble USA Inc.
AS399728,P Foundation
AS399838,"""VITAL GAME NETWORK", LLC"
AS399976,Nova Networks Inc
AS400172,"""RackOrbit", LLC"
AS400422,Modern Treasury Corp.
AS400979,CPAC