AS1887,NAUKOWA I AKADEMICKA SIEC KOMPUTEROWA - PANSTWOWY INS...
AS2118,Reliable Communications s.r.o.
AS2470,Renater
AS2578,"""Demos", Moscow, Russia"
AS3163,DiemIT GmbH
AS3214,xTom GmbH
AS3223,Voxility LLP
AS3236,SERVER.UA LLC
AS3242,REEVO S.P.A.
AS3302,Retelit Digital Services S.p.A.
AS3595,zColo
AS3900,"""SWITCH", LTD"
AS4766,Korea Telecom
AS4818,DiGi Telecommunications Sdn. Bhd.
AS4837,China Unicom Backbone
AS5065,Bunny Communications
AS5521,PlusServer GmbH
AS5537,"JSC """"RU-CENTER"""""
AS5577,root SA
AS5602,Retelit Digital Services S.p.A.
AS6364,"""Atlantic.net", Inc."
AS6539,Bell Canada
AS6724,Strato GmbH
AS6738,DRI SAS
AS6849,"JSC """"Ukrtelecom"""""
AS6903,"LLC """"ASTRA CLOUD"""""
AS6939,Hurricane Electric LLC
AS7203,"""Leaseweb USA", Inc."
AS7489,HostUS
AS7529,NetIRD Inc.
AS8001,"""Cologix", Inc"
AS8100,QuadraNet Enterprises LLC
AS8190,"""GTT Americas", LLC"
AS8195,GTT Communications Inc.
AS8220,COLT
AS8280,SYNAPSECOM S.A. Provider of Telecommunications and In...
AS8285,Versija SIA
AS8304,Ecritel SASU
AS8342,JSC RTComm.RU
AS8495,INTERNET AG Global Network
AS8553,Avensys Networks Ltd
AS8660,Italiaonline S.p.A.
AS8681,JT (Jersey) Limited
AS8732,JSC Comcor
AS8741,Ratiokontakt GmbH
AS8829,ElmoNet Oy
AS8839,SdV-Plurimedia
AS8849,Melbikomas UAB
AS8888,xTom Pty Ltd
AS8912,Aptum Technologies (UK) Limited
AS8916,Portfast Ltd
AS8928,GTT Communications Inc.
AS8972,Host Europe GmbH
AS9002,RETN Limited
AS9009,M247 Europe SRL
AS9115,Internet Names for Business Inc
AS9123,"JSC """"TIMEWEB"""""
AS9308,Abitcool(China) Inc.
AS9312,xTom
AS9678,HostingInside LTD.
AS9802,Abitcool(China) Inc.
AS9929,CHINA UNICOM Industrial Internet Backbone
AS10195,HAIonNet
AS10532,Rackspace Hosting
AS10929,eStruxture Data Centers Inc.
AS11042,NETWORK TRANSIT HOLDINGS LLC
AS11352,Iomartcloud Inc.
AS11721,StylenTech LLC
AS11831,eSecureData
AS11855,Unitas Global
AS11878,"""tzulo", inc."
AS11990,"""Unlimited Net", LLC"
AS12129,"""123.Net", Inc."
AS12179,Unitas Global
AS12188,"""Equinix", Inc."
AS12200,Rackspace Hosting
AS12212,Ravand Cybertech Inc.
AS12306,Plus.line AG
AS12363,REGISTER S.P.A.
AS12530,"""""Kyivstar"""" PJSC"
AS12574,Hosting.de GmbH
AS12586,GHOSTnet GmbH
AS12600,Equinix (EMEA) Acquisition Enterprises B.V.
AS12645,COAXIS HOSTING SASAU
AS12731,IPHH Internet Port Hamburg GmbH
AS12779,IT.Gate S.p.A.
AS12824,home.pl sp. z o.o.
AS12843,TelemaxX Telekommunikation GmbH
AS12850,Retelit Digital Services S.p.A.
AS12859,BIT BV
AS12876,Scaleway
AS12878,COLT Technology Services Group Limited
AS12989,Black HOST Ltd
AS13009,Redcentric Solutions Ltd
AS13100,Equinix (EMEA) Acquisition Enterprises B.V.
AS13150,CATO NETWORKS LTD
AS13213,UK-2 Limited
AS13237,euNetworks GmbH
AS13335,"""Cloudflare", Inc."
AS13354,zColo
AS13727,NEXT DIMENSION INC
AS13767,"""DataBank Holdings", Ltd."
AS13768,Aptum Technologies
AS14061,DigitalOcean LLC
AS14166,Softcom Inc.
AS14280,"""Ntirety", Inc."
AS14315,"""1GSERVERS", LLC"
AS14441,"""Network Solutions", LLC"
AS14472,Rogers Communications Canada Inc.
AS14618,"""Amazon.com", Inc."
AS14720,Gamma Networking Inc.
AS15003,"""Leaseweb USA", Inc."
AS15169,Google LLC
AS15348,Tucows.com Co.
AS15395,Rackspace Ltd.
AS15418,Fasthosts Internet Limited
AS15456,InterNetX GmbH
AS15626,GREEN FLOID LLC
AS15694,Atman Sp. z o.o.
AS15703,TrueFullstaq B.V.
AS15756,JSC Avantel
AS15817,Mittwald GmbH
AS15830,"""Equinix", Inc."
AS15891,Host Europe GmbH
AS15958,CETIN Ltd. Belgrade
AS15967,Nazwa.pl Sp.z.o.o.
AS16097,HL komm Telekommunikations GmbH
AS16125,UAB Cherry Servers
AS16154,Telecoms-Net Ltd.
AS16247,M247 Ltd
AS16265,LeaseWeb Network B.V.
AS16276,OVH SAS
AS16347,ADISTA SAS
AS16509,"""Amazon.com", Inc."
AS16626,zColo
AS16866,Columbia Networks Inc.
AS18345,Servers Australia Customers
AS18450,"""WebNX", Inc."
AS18779,EGIHosting
AS18978,Enzu Inc
AS19148,"""Leaseweb USA", Inc."
AS19318,"""Interserver", Inc"
AS19437,SECURED SERVERS LLC
AS19871,"""Network Solutions", LLC"
AS19875,TeraGo Networks Inc.
AS19994,Rackspace Hosting
AS20161,TeraGo Networks Inc.
AS20278,"""Nexeon Technologies", Inc."
AS20454,SECURED SERVERS LLC
AS20473,"""The Constant Company", LLC"
AS20493,VIPARIS LE PALAIS DES CONGRES DE PARIS SAS
AS20559,Fundaments B.V.
AS20621,PlusServer GmbH
AS20686,Bisping & Bisping GmbH & Co KG
AS20738,Heart Internet limited
AS20756,NAMESHIELD SAS
AS20773,Host Europe GmbH
AS20847,Previder B.V.
AS20853,eTOP sp. z o.o.
AS20860,IOMART CLOUD SERVICES LIMITED
AS21010,KGHM Polska Miedz SA
AS21130,IOMART CLOUD SERVICES LIMITED
AS21155,Signet B.V.
AS21159,NovoServe B.V.
AS21288,"""""SPRINT"""" S.A."
AS21409,Ikoula Net SAS
AS21840,WiredISP Inc.
AS21859,Zenlayer Inc
AS22363,"""Powerhouse Management", Inc."
AS22576,"""DataPipe", Inc."
AS22611,"""InMotion Hosting", Inc."
AS22612,"""Namecheap", Inc."
AS22923,Netminders Server Hosting
AS23033,Wowrack.com
AS23136,OnX Enterprise Solutions Inc.
AS23352,DEFT.COM
AS23650,AS Number for CHINANET jiangsu province backbone
AS24429,Alibaba Cloud
AS24723,Atman Sp. z o.o.
AS24724,Atman Sp. z o.o.
AS24768,"""AlmourolTec", Lda"
AS24806,"""INTERNET CZ", a.s."
AS24843,France Televisions SA
AS24851,Netcetera Ltd.
AS24938,Equinix (EMEA) Acquisition Enterprises B.V.
AS24940,Hetzner Online GmbH
AS24961,WIIT AG (fka. myLoc Managed IT AG)
AS24971,MasterDC s.r.o.
AS24973,dogado GmbH
AS24989,Equinix (Germany) GmbH
AS24994,genesys informatica srl
AS25074,PlusServer GmbH
AS25108,IOMART MANAGED SERVICES LIMITED
AS25151,Cyso Group B.V.
AS25198,INTERKVM HOST (ZetServers)
AS25369,Hydra Communications Ltd
AS25415,ADDIX GmbH
AS25467,Akton d.o.o.
AS25504,Vautron Rechenzentrum AG
AS25525,Accenture B. V.
AS25532,"LLC """"MASTERHOST"""""
AS25542,Denit B.V.
AS25560,rh-tec Business GmbH
AS25593,Accenture SAS
AS25737,Jone Broadband LLC
AS25973,"""PacketExchange", Inc"
AS26094,"""TierPoint", LLC"
AS26347,"""New Dream Network", LLC"
AS26383,Baxet Group Inc.
AS26496,"""GoDaddy.com", LLC"
AS26548,PureVoltage Hosting Inc.
AS26753,In2net Network Inc.
AS26788,Rogers Communications Canada Inc.
AS27272,"""Equinix", Inc."
AS27325,zColo
AS27357,Rackspace Hosting
AS27411,"""Leaseweb USA", Inc."
AS27458,Fast Lane Internet
AS28347,UNOTEL PARTICIPAÇÕES S/A
AS28744,Equinix (EMEA) Acquisition Enterprises B.V.
AS28753,Leaseweb Deutschland GmbH
AS29066,velia.net Internetdienste GmbH
AS29076,Citytelecom LLC
AS29131,IOMART CLOUD SERVICES LIMITED
AS29169,GANDI SAS
AS29182,JSC IOT
AS29226,MasterTel
AS29522,Cyber_Folks S.A.
AS29550,Team Blue Carrier Limited
AS29606,Borwood Ltd
AS29608,OVEA SAS
AS29636,Team Blue Carrier Limited
AS29761,Converted Networks LLC
AS29791,Internap Holding LLC
AS29838,"""Atlantic Metro Communications II", Inc."
AS29854,"""WestHost", Inc."
AS29873,"""Newfold Digital", Inc."
AS30176,Priority Colo Inc
AS30277,DFW Datacenter
AS30496,"""TierPoint", LLC"
AS30633,LeaseWeb USA / WDC-01
AS30860,Virtual Systems LLC
AS30893,No ACK Group Holding AB
AS30900,Sternforth Ltd. trading as WebWorld
AS30943,ZAO Web Hosting
AS30968,"LLC """"ASTRA CLOUD"""""
AS31034,Aruba S.p.A.
AS31100,Host Europe GmbH
AS31103,Keyweb AG
AS31178,Celeonet SAS
AS31229,Beyond.pl sp. z o.o.
AS31240,Citytelecom LLC
AS31272,WildPark Co
AS31347,Porta One-Chernihiv Ltd
AS31400,firstcolo GmbH
AS31424,Netrics AG
AS31477,Duocast B.V.
AS31708,Coreix Ltd
AS31743,Interpublic GIS (UK) Ltd
AS31815,"""GoDaddy.com", LLC"
AS31863,"""Centrilogic", Inc."
AS32077,ULTIMATE SOFTWARE GROUP
AS32181,GigeNET
AS32475,Internap Holding LLC
AS32489,Amanah Tech Inc.
AS32613,Leaseweb Canada Inc.
AS32748,Steadfast
AS32780,"""Hosting Services", Inc."
AS33070,Rackspace Hosting
AS33182,"""HostDime.com", Inc."
AS33387,"""Nocix", LLC"
AS33438,Datum
AS33597,atlantic.net
AS33785,City Net Telecom
AS34011,Host Europe GmbH
AS34081,INCUBATEC GmbH - Srl
AS34119,Wildcard UK Limited
AS34173,SafeBrands S.A.S.
AS34235,ITINSELL CLOUD SAS
AS34282,Team Blue Carrier Limited
AS34289,Host Europe GmbH
AS34309,Link11 GmbH
AS34343,Eweka Internet Services B.V.
AS34360,Cyber_Folks S.A.
AS34422,LPG HC
AS34432,dogado GmbH
AS34536,Newel Informatique
AS34549,meerfarbig GmbH & Co. KG
AS34702,Aktsiaselts WaveCom
AS34775,LVNET LTD
AS34788,Neue Medien Muennich GmbH
AS34931,Awareness Software Limited
AS34934,ANS ACADEMY LIMITED
AS34948,Claranet SAS
AS34970,Diatem SAS
AS34989,ServeTheWorld AS
AS35042,Layer7 Networks GmbH
AS35174,Network For Business Sp z o.o.
AS35295,"JSC """"RU-CENTER"""""
AS35393,CTS Computers and Telecommunications Systems SAS
AS35415,Webzilla B.V.
AS35425,IOMART MANAGED SERVICES LIMITED
AS35470,Signet B.V.
AS35569,"JSC """"RU-CENTER"""""
AS35662,IOMART MANAGED SERVICES LIMITED
AS35758,Rachamim Aviel Twito
AS35787,Internet Cafe uslugi informatyczne Miroslaw Backiel
AS35916,MULTACOM CORPORATION
AS36030,"""Equinix", Inc."
AS36031,"""Equinix", Inc."
AS36052,Net-Neutral Inc
AS36114,"""VegasNAP", LLC"
AS36183,Akamai Technologies (Apple Private Relay)
AS36231,"""Tempest Hosting", LLC"
AS36351,IBM Cloud
AS36352,HostPapa
AS36430,"""DataPipe", Inc."
AS36483,Gossamer Threads Inc.
AS36492,"""Google", LLC"
AS36530,IDC Cube
AS36599,"""SoftEther Telecommunication Research Institute", LLC"
AS36666,GloboTech Communications
AS37560,Cyberdyne S.A.
AS37684,Angani Limited
AS37692,NetStack Ltd
AS37963,"""Hangzhou Alibaba Advertising Co.",Ltd."
AS38136,Akari Networks
AS38365,"""Beijing Baidu Netcom Science and Technology Co.", Ltd."
AS38895,Amazon.com Tech Telecom
AS38930,LeaseWeb (fiberring)
AS39020,Comvive Servidores S.L.
AS39111,Amazon Data Services Ireland Ltd
AS39122,Blacknight Internet Solutions Limited
AS39134,EDINAYA SET LIMITED LIABILITY COMPANY
AS39287,ab stract ltd
AS39351,31173 Services AB
AS39384,"""Dream Fusion - IT Services", Lda"
AS39451,IOMART MANAGED SERVICES LIMITED
AS39486,HostRoyale Technologies Pvt Ltd
AS39494,"JSC """"RU-CENTER"""""
AS39519,WIIT AG
AS39556,PIN Hosting Europe GmbH
AS39566,Smarthost sp. z o.o.
AS39572,DataWeb Global Group B.V.
AS39729,REGISTER S.P.A.
AS39757,Equinix (EMEA) Acquisition Enterprises B.V.
AS39798,MivoCloud SRL
AS39825,Sparkinit S.r.l.
AS39832,Opera Norway AS
AS39845,2 Cloud Ltd.
AS39900,SIA GOOD
AS39962,FullHost
AS40021,"""Contabo (Nubes", LLC)"
AS40034,Confluence Networks Inc
AS40092,HostPapa
AS40341,"""Equinix", Inc."
AS40663,IncogNet LLC
AS40676,Psychz Networks
AS40861,Paradise Networks LLC
AS40966,ZAO Web Hosting
AS41079,Cyber_Folks S.A.
AS41097,"CENTRUM ELEKTRONICZNYCH USLUG PLATNICZYCH """"ESERVICE"""" SA"
AS41167,REWE digital GmbH
AS41268,Sesameware FZ-LLC
AS41281,KeFF Networks Ltd
AS41357,34SP.com Limited
AS41406,Atman Sp. z o.o.
AS41436,Kamatera Inc
AS41508,ZINET.NET.PL Sp. z.o.o.
AS41535,"LLC """"ASTRA CLOUD"""""
AS41564,Orion Network Limited
AS41828,Telemach Slovenija d.o.o.
AS42160,Datacenter United
AS42237,w1n ltd
AS42244,eServer s.r.o.
AS42263,German Edge Cloud GmbH & Co. KG
AS42331,PE Freehost
AS42363,NUXIT SAS
AS42399,"JSC """"RU-CENTER"""""
AS42473,Anexia Cloud Solutions GmbH
AS42503,Oktawave S.A.
AS42632,MnogoByte LLC
AS42708,Glesys AB
AS42730,EVANZO e-commerce GmbH
AS42751,"JSC """"RU-CENTER"""""
AS42775,ADWORLDS TECHNOLOGIES LP
AS42831,UK Dedicated Servers Limited
AS42994,Rachamim Aviel Twito
AS43146,"""""Domain names registrar REG.RU""", Ltd"
AS43226,Data Storage Center JSC
AS43289,Trabia SRL
AS43333,XNNET LIMITED
AS43357,Owl Limited
AS43362,Hosting Ltd
AS43424,SQUARK SARL
AS43513,Sia Nano IT
AS43573,MEDIACTIVE SAS
AS43588,iHost (IM Level 7)
AS43758,Cyber_Folks S.A.
AS43962,INTEN Sp. z o. o.
AS44066,firstcolo GmbH
AS44112,SpaceWeb Ltd
AS44128,Internet-Pro LLC
AS44382,"""Fiba Cloud Operation Company", LLC"
AS44620,Netlen Internet Hizmetleri Ltd. Sti.
AS44684,Mythic Beasts Ltd
AS44709,O.M.C. COMPUTERS & COMMUNICATIONS LTD
AS45031,dogado GmbH
AS45090,Tencent Cloud
AS45102,"""Alibaba (US) Technology Co.", Ltd."
AS45718,PT Juragan Online Solusi
AS46095,REP Solution Interactive Inc.
AS46261,"""QuickPacket", LLC"
AS46475,"""Limestone Networks", Inc."
AS46562,Performive LLC
AS46573,Vault Host
AS46606,Unified Layer
AS46652,"""DigitalOcean", LLC"
AS46786,IP Transit Inc.
AS46805,Angelnet Limited
AS46844,Sharktech
AS46861,Softvoyage Inc
AS47232,ISP Alliance a.s.
AS47242,Host SpA
AS47351,Red Technology Solutions Limited
AS47385,"JSC """"RU-CENTER"""""
AS47544,IQ PL Sp. z o.o.
AS47595,"JSC """"RU-CENTER"""""
AS47787,EDGOO NETWORKS UNIPESSOAL LDA
AS47810,Proservice LLC
AS47841,Claranet SAS
AS47886,Equinix (Netherlands) B.V.
AS48031,Ivanov Vitaliy Sergeevich
AS48070,DSM (GB) Limited
AS48282,Hosting technology LTD
AS48287,"JSC """"RU-CENTER"""""
AS48505,Kylos sp. z o.o.
AS48635,CLDIN B.V.
AS48707,AS48707 OPS PL sp. z o.o.
AS48760,Cyber_Folks S.A.
AS48815,CriticalCase s.r.l
AS48896,dhosting.pl Sp. z o.o.
AS48921,Yoursafe Holding B.V.
AS49063,Data Storage Center JSC
AS49073,Moviement srl
AS49189,Joonas Ahonen trading as ILJOJA Networks
AS49258,Domena.pl sp. z o.o.
AS49282,Ficolo Oy
AS49335,Josef Nopp GmbH
AS49352,"""""Domain names registrar REG.RU""", Ltd"
AS49367,Seflow s.r.l.
AS49453,Global Layer B.V.
AS49527,SRL ROXNET-COM
AS49532,Eonix Corporation
AS49544,i3D.net B.V
AS49693,Best-Hoster Group Co. Ltd.
AS49770,Internetport Sweden AB
AS49893,Bitrace telecom Ltd.
AS49981,WorldStream B.V.
AS50056,Vorboss Limited
AS50245,Serverel Inc.
AS50297,"""Infium", UAB"
AS50304,Blix Solutions AS
AS50340,Selectel - Moscow
AS50474,O2SWITCH SAS
AS50499,INETCLOUD Inc.
AS50512,"JSC """"ER-Telecom Holding"""""
AS50520,HOSTMEIN IKE
AS50525,Privado Networks AG
AS50599,DATASPACE P.S.A.
AS50613,Advania Ísland ehf (ThorDC)
AS50673,Serverius Holding B.V.
AS50702,UNYC SAS
AS50802,Bogorodskoe Information Systems Ltd
AS50840,Marek Bajerski trading as HITME.PL
AS50841,Artnet Sp. z o.o.
AS50858,SAS SOLUTIONS INFORMATIQUES SERVICES
AS50867,HOSTKEY B.V.
AS50873,David Doepelheuer
AS50891,Moviement srl
AS50979,GREEN FLOID LLC
AS51167,Contabo GmbH
AS51430,AltusHost B.V.
AS51659,LLC Baxet
AS51698,"""""ActiveHost RU"""" LLC"
AS51765,Oy Crea Nova Hosting Solution Ltd
AS51847,Nearoute Limited
AS51852,Private Layer INC
AS51964,ORANGE BUSINESS SERVICES U.S. Inc.
AS52030,Server Plan S.r.l.
AS52048,SIA RixHost
AS52194,IT Ltd
AS52201,OOO Suntel
AS52270,ELSERVER S.R.L
AS52423,Data Miners S.A. ( Racknation.cr )
AS52760,ERR_AS_NAME_NOT_FOUND
AS53340,FiberHub (VegasNAP)
AS53356,Free Range Cloud Hosting Inc.
AS53479,HOSTUPON INC.
AS53589,PlanetHoster
AS53667,FranTech Solutions
AS53824,"""Liquid Web", L.L.C"
AS53835,"""Velo Link", Inc."
AS53850,"""GorillaServers", Inc."
AS54113,"""Fastly", Inc."
AS54133,UnmeteredInternet.com
AS54203,"""Strong Technology", LLC."
AS54380,"""ThoughtWave Technologies", Inc."
AS54500,EGIHosting
AS54600,PEG TECH INC
AS54641,"""InMotion Hosting", Inc."
AS54643,Idigital Internet Inc.
AS54994,Meteverse Limited
AS55286,B2 Net Solutions Inc.
AS55293,"""A2 Hosting", Inc."
AS55536,Pacswitch Globe Telecom Limited
AS55701,PT Usaha Adi Sanggoro
AS55720,Gigabit Hosting Sdn Bhd
AS55990,Huawei Cloud Service data center
AS56158,Digital world data online company
AS56322,ServerAstra Kft.
AS56575,Stanislaw Nowacki trading as TEPSANET NOWACCY Sp. J.
AS56631,Onlanta Ltd.
AS56694,LLC Smart Ape
AS57043,HOSTKEY B.V.
AS57172,Global Layer B.V.
AS57353,vitroconnect GmbH
AS57355,networkers.pl Sp. z o.o.
AS57367,Atman Sp. z o.o.
AS57694,Hardis Groupe SAS
AS57724,DDOS-GUARD LTD
AS57739,dogado GmbH
AS57858,Angelnet Limited
AS58018,Mustafa Enes Akdeniz trading as OYUN CEVHERI
AS58061,Scalaxy B.V.
AS58065,Orion Network Limited
AS58072,Zenon-Region Ltd.
AS58073,YISP B.V.
AS58192,Atis Omran Sevin PSJ
AS58212,dataforest GmbH
AS58294,Cloud Wall Ltd.
AS58477,CV Argon Data Communication
AS58854,Kaopu Cloud
AS59077,Shanghai UCloud Information Technology Company Limited
AS59103,SoftEther Corporation
AS59110,BPS Inc.
AS59253,Leaseweb Singapore Pte. Ltd.
AS59279,PT Raja Mitra Informatika
AS59413,VPG SAS
AS59627,Docker LTD
AS59729,GREEN FLOID LLC
AS60068,Datacamp Limited (CDN77 / DataPacket)
AS60087,Netsons s.r.l.
AS60118,INVITE Systems SRL
AS60311,1.FM AG
AS60357,Megagroup.ru LLC
AS60362,ALWAYSDATA SARL
AS60626,LeaseWeb Network B.V.
AS60713,EXEA Sp. z o.o.
AS60781,LeaseWeb Netherlands B.V.
AS60819,Safenames Ltd.
AS61046,HZ Hosting Ltd
AS61112,AKILE LTD
AS61138,Zappie Host LLC
AS61236,MEDIACTIVE SAS
AS61272,"""Informacines sistemos ir technologijos", UAB"
AS61290,EDGOO NETWORKS UNIPESSOAL LDA
AS61317,Hivelocity LLC
AS61323,ANS ACADEMY LIMITED
AS61400,Start2 LLC
AS61440,SENTRIGLOBAL LTD
AS61493,InterBS S.R.L. (BAEHOST)
AS62000,SERVERD SAS
AS62057,QUADIENT SHIPPING SA
AS62082,Hostland LTD
AS62217,Vinters IT Ltd
AS62240,Clouvider Limited
AS62567,"""DigitalOcean", LLC"
AS62651,"""Strong Technology", LLC."
AS63018,Dedicated.com
AS63023,GTHost
AS63025,NOHAVPS LLC
AS63068,CrocWeb
AS63199,"""CDS Global Cloud Co.", Ltd"
AS63410,PrivateSystems Networks
AS63727,Huawei
AS63949,Akamai (Linode)
AS64123,GRUPO IN S.A.S
AS64432,Variti+ LLC
AS64435,The Communication GATEWAY LTD
AS131477,Prime Security Corp.
AS131745,PT Cybertechtonic Pratama
AS132203,Tencent
AS132597,Hong Kong Serverworks Limited
AS133296,Web Werks India Pvt. Ltd.
AS133475,New York University ASN
AS133480,5G NETWORK OPERATIONS PTY LTD
AS133752,LEASEWEB HONG KONG LIMITED
AS133882,Godaddy.com
AS134351,Leaseweb Japan K.K.
AS134451,NewMedia Express Pte Ltd
AS134520,GigsGigs Network Services
AS135377,UCLOUD INFORMATION TECHNOLOGY (HK) LIMITED
AS135391,"""Aofei Data International Co.", Ltd."
AS135777,Shreenortheast Connect And Services Pvt Ltd
AS136557,Host Universal Pty Ltd
AS136620,Mythic Beasts Ltd (VMHaus)
AS136744,Dream Power Technology Limited
AS136787,PacketHub S.A.
AS137373,PT Suiten Inovasi Sukses
AS137409,GSL Networks Pty LTD
AS138608,Cloud Host Pte Ltd
AS138915,Kaopu Cloud HK Limited
AS139026,Shadhinota Net
AS139646,"""HONG KONG LIGHTLAYER TECHNOLOGY CO.", LIMITED"
AS139648,PacketStream Korea
AS140096,"""JINX CO.", LIMITED"
AS140443,PT Herza Digital Indonesia
AS141039,PacketHub S.A.
AS141107,PT Linkgo Metro Teknologi
AS141285,Octel Network
AS141565,Puravi Elite Technologies Pvt. Ltd.
AS141634,PT Satu Sistem Integrasi
AS147049,PacketHub S.A.
AS149020,WebHorizon Internet Services
AS149948,PT Magna Network
AS150249,PT Atharva Telematika Persada
AS153371,BACK WAVES LIMITED
AS196752,Tilaa B.V.
AS197133,MEDIACTIVE SAS
AS197155,Artnet Sp. z o.o.
AS197226,"""""SPRINT"""" S.A."
AS197328,GEOCOM LLC
AS197450,Sunucun Bilgi Iletisim Teknolojileri ve Ticaret Ltd. Sti.
AS197524,Leonet GmbH
AS197540,netcup GmbH
AS197648,CLOUDLAYER8 LIMITED
AS197696,Evolix SARL
AS197706,Keminet SHPK
AS197854,Eisenia AB
AS197902,Hostnet B.V.
AS197914,Ecritel SASU
AS198047,Host Europe GmbH
AS198100,RIPE NCC ASN block
AS198156,Lukman Multimedia Sp. z o.o
AS198310,OOO Molniya
AS198371,NINET Company Nis d.o.o.
AS198414,Cyber_Folks S.A.
AS198489,JZO Sp. z o.o.
AS198605,AVAST Software s.r.o.
AS198610,Beget LLC
AS198921,Unix Storm - Michal Gottlieb
AS199082,Razavi Information and communication technology company Plc
AS199202,Moviement srl
AS199218,Proton AG
AS199246,ENARTIA Single Member S.A.
AS199290,INSTALACIONES Y SERVICIOS MOWITEL S.L.
AS199364,RAX.BG EOOD
AS199524,Gcore S.A.
AS199653,Aruba S.p.A.
AS199753,UD Media GmbH
AS199758,SAS Nexylan
AS199883,Aruba S.p.A.
AS200081,Netversor GmbH
AS200088,Artnet Sp. z o.o.
AS200094,PHU MIROLAN Miroslaw Weclaw
AS200185,Aruba S.p.A.
AS200436,Patron Technology Persia Ltd
AS200484,Brevo (formerly Sendinblue)
AS200628,BGO Cloud OOD
AS200651,FlokiNET ehf
AS200698,Globalhost d.o.o.
AS200837,Your Hosting B.V.
AS201011,Core-Backbone GmbH
AS201575,WORLDBUS (TradeZone)
AS201743,Oktawave S.A.
AS201848,Trader soft LLC
AS201924,ENAHOST s.r.o.
AS202053,UpCloud Ltd
AS202108,united-domains GmbH
AS202242,Aruba S.p.A.
AS202656,Ivanov Vitaliy Sergeevich
AS202662,Hytron Network Services Limited
AS202675,Keliweb S.R.L
AS202759,RJ Network OU
AS202861,Your Hosting B.V.
AS203003,Magna Capax Finland Oy
AS203020,HostRoyale Technologies Pvt Ltd
AS203226,Dirk Walde trading as Walde IT-Systeme
AS203380,DA International Group Ltd.
AS203417,LH.pl Sp. z o.o.
AS203461,REGISTER S.P.A.
AS203476,GANDI SAS
AS203833,firstcolo GmbH
AS204287,HostRoyale Technologies Pvt Ltd
AS204343,Compubyte Limited
AS204939,TAC COMMUNICATIONS LTD
AS205016,HERN Labs AB
AS205090,FIRST SERVER LIMITED
AS205119,TELEKS DOOEL Skopje
AS205125,Network Management Ltd
AS205148,Lukasz Piotrowski
AS205467,Base IP B.V.
AS205544,Leaseweb UK Limited
AS205631,Your Hosting B.V.
AS205668,Green Mini host BV
AS205727,Aruba S.p.A.
AS205952,"LLC """"ASTRA CLOUD"""""
AS206092,F.N.S. HOLDINGS LIMITED
AS206170,Yelles AB
AS206281,Stichting DIGI NL
AS206446,Cloud Lease Ltd
AS206564,Plus.line AG
AS206804,EstNOC OU
AS207137,PacketHub S.A.
AS207713,GLOBAL INTERNET SOLUTIONS LLC
AS207990,HostRoyale Technologies Pvt Ltd
AS208172,Proton AG
AS208753,Marco d'Angelo
AS209181,Zenex 5ive Limited
AS209847,WorkTitans B.V.
AS209854,Cyberzone S.A.
AS209898,ungleich glarus ag
AS210079,EuroByte LLC
AS210630,IncogNET LLC
AS210633,DevStorage UG (haftungsbeschraenkt) trading as DevSto...
AS210644,Aéza International Limited
AS210691,ASTROVPN LLC
AS210906,"UAB """"Bite Lietuva"""""
AS211360,FEDERICO BOVE trading as HATHOST
AS211407,PT Perwira Media Solusi
AS211785,TechLabItalia s.r.l.
AS212238,Datacamp Limited
AS212248,Abolfazl-Shirdel
AS212317,Hetzner Cloud - Hillsboro
AS212477,RoyaleHosting B.V.
AS212816,Cluster Power SRL
AS213045,Alex Delporte
AS213230,Hetzner Cloud - Ashburn
AS213250,Dominic Scholz trading as ITP-Solutions GmbH & Co. KG
AS213683,Host.AL Shpk
AS213796,Ahmet Cevik
AS214013,DEBEE BROADBAND NETWORK LTD
AS214481,Wojciech Czapkowicz
AS215540,GLOBAL CONNECTIVITY SOLUTIONS LLP
AS215780,NordicVM LTD
AS216183,"""Apple Network", LLC"
AS262287,Latitude.sh LTDA
AS263693,WICORP SA
AS263702,GRUPO ZGH SPA
AS263812,SONDATECH S.A.S.
AS268581,QNAX LTDA
AS270014,GRUPO CG LIMITADA
AS328178,Vinet Internet Solutions
AS328528,NetIT Solutions LTD
AS393578,Mesa Water District
AS394143,C.O.P.S. Monitoring
AS394256,Tech Futures Interactive Inc.
AS394380,"""Leaseweb USA", Inc."
AS394695,PDR
AS396356,Latitude.sh
AS396998,"""Path Network", Inc."
AS397391,Hop One Networks LLC
AS397423,Tier.Net Technologies LLC
AS397540,Windscribe
AS397630,"""Blazing SEO", LLC"
AS397666,HostRound LLC
AS398343,Baxet Group Inc.
AS398355,Data Ideas LLC
AS398478,PEG TECH INC
AS400304,Redoubt Networks (Crunchbits)
AS400882,Cyber Data LLC